ano,cpb,titulo,direcao,genero,produtora_maj,uf_bruto,produtora_min,uf2_bruto,distribuidora,max_salas,publico,renda_corrente
,,,,,,,,,,,,
Fontes:,,,,,,,,,,,,
"ANCINE - SALIC (Sistema de Apoio às Leis de Incentivo à Cultura) e ANCINE - SADIS (Sistema de Acompanhamento da Distribuição em Salas de Exibição), Filme B e Apuração ANCINE, SCB (Sistema de Controle de Bilheteria), SAD - Sistema ANCINE Digital.",,,,,,,,,,,,
,,,,,,,,,,,,
"Dados de renda, público e salas:",,,,,,,,,,,,
2024: ANCINE/SCB (Sistema de Controle de Bilheteria) - Dados compilados em 27/01/2025.,,,,,,,,,,,,
2023: ANCINE/SCB (Sistema de Controle de Bilheteria) - Dados compilados em 29/01/2024.,,,,,,,,,,,,
2022: ANCINE/SCB (Sistema de Controle de Bilheteria) - Dados compilados em 26/04/2023.,,,,,,,,,,,,
2021: ANCINE/SCB (Sistema de Controle de Bilheteria) - Dados compilados em 14/04/2022.,,,,,,,,,,,,
2020: ANCINE / SADIS (Sistema de Acompanhamento da Distribuição em Salas de Exibição) - Dados compilados em 16/08/2021.,,,,,,,,,,,,
2019: ANCINE / SADIS (Sistema de Acompanhamento da Distribuição em Salas de Exibição) - Dados compilados em 04/05/2020.,,,,,,,,,,,,
2018: ANCINE / SADIS (Sistema de Acompanhamento da Distribuição em Salas de Exibição) - Dados compilados em 22/02/2019.,,,,,,,,,,,,
2016 e 2017: ANCINE / SADIS (Sistema de Acompanhamento da Distribuição em Salas de Exibição) - Dados compilados em 02/04/2018.,,,,,,,,,,,,
2009 a 2015: ANCINE / SADIS (Sistema de Acompanhamento da Distribuição em Salas de Exibição) - Dados compilados em 22/12/2017.,,,,,,,,,,,,
1995 a 2008: Filme B.,,,,,,,,,,,,
,,,,,,,,,,,,
Observações:,,,,,,,,,,,,
"1. Para um filme ser considerado brasileiro, ele deve possuir o Certificado de Produto Brasileiro (CPB).",,,,,,,,,,,,
"2. Para um melhor alinhamento com o mercado internacional, as obras registradas na ANCINE com distribuição da Paramount, que atua no Brasil também comercializando obras dos estúdios Universal, foram desagregadas entre as duas empresas, seguindo o padrão de distribuição no exterior.",,,,,,,,,,,,
"3. A partir de 2009, os dados de renda e público são relativos ao ano de lançamento do filme, acrescido de pré-estreias e exibições em anos posteriores (acumulados).",,,,,,,,,,,,
"4. Nos dados a partir de 2009, a distribuidora é a empresa que realizou a distribuição do filme na semana de seu lançamento.",,,,,,,,,,,,
5. As UF's seguem a ordem das colunas de Empresas Produtoras.,,,,,,,,,,,,
6. ND: dados não disponíveis até a data de compilação dos dados.,,,,,,,,,,,,
7. Os valores disponíveis nesse arquivo são valores correntes do ano de referência.,,,,,,,,,,,,
"8. Na atualização deste arquivo publicada em 28/03/2022, os dados referentes ao ano de 2019 sofreram correções, em virtude de inconsistências encontradas. Nestas alterações, destacamos, dentre outras, a exclusão de filmes que não se enquadravam como longa-metragem, a correção de datas de lançamento e gêneros cinematográficos, bem como, atualizações de informações sobre distribuidoras, a partir de novas informações. Os números referentes ao ano de 2019, no entanto, continuam refletindo a posição no Sistema Ancine de Distribuição (SADIS) em 04/05/2020. ",,,,,,,,,,,,
,,,,,,,,,,,,
Notas:,,,,,,,,,,,,
,,,,,,,,,,,,
"1. Empresa Produtora Brasileira Majoritária: é a empresa produtora brasileira com maior percentual de cota patrimonial, de acordo com dados disponíveis no campo Produtor do Certificado de Produto Brasileiro (CPB).",,,,,,,,,,,,
a. Nos casos em que a informação sobre cota patrimonial não estava disponível no CPB foram inseridas todas as produtoras listadas no campo “produtor” em ordem alfabética;,,,,,,,,,,,,
"b. Nos casos em que não havia a informação de produtor no CPB, a empresa requerente foi considerada como produtora majoritária brasileira;",,,,,,,,,,,,
"c. Nos casos de mais de uma produtora majoritária, as empresas foram colocadas em ordem alfabética;",,,,,,,,,,,,
"d. Nos casos em que não havia CPB, foi considerada a informação disponível no SALIC;",,,,,,,,,,,,
"e. Nos casos em que não havia CPB e SALIC, foi considerada a informação publicada anteriormente no arquivo Listagem de Filmes Brasileiros 1995 a 2016, no OCA.",,,,,,,,,,,,
,,,,,,,,,,,,
"2. Empresa Produtora Minoritária Brasileira: é a empresa produtora brasileira com menor percentual de cota patrimonial, de acordo com dados disponíveis no campo Produtor do Certificado de Produto Brasileiro (CPB).",,,,,,,,,,,,
"a. Em caso de mais de uma empresa produtora minoritária, as empresas foram colocadas em ordem decrescente de percentual patrimonial, ou seja, aparece primeiro a empresa que tem o maior percentual;",,,,,,,,,,,,
"b. Nos casos em que o percentual era igual, as empresas foram colocadas em ordem alfabética.",,,,,,,,,,,,
,,,,,,,,,,,,
"3. Para o nome das empresas produtoras, foi considerado o nome fantasia, quando disponível no Registro Econômico do Sistema Ancine Digital (SAD), ou o nome de mercado das mesmas. Em caso de dúvidas, quando disponível, foi consultado o trailer do filme para definição do nome da empresa delas.",,,,,,,,,,,,
,,,,,,,,,,,,
"4. Para definição da UF da empresa produtora, foi considerado o endereço fiscal da mesma, de acordo com o Registro Econômico do Sistema Ancine Digital (SAD).",,,,,,,,,,,,
"a. No caso das empresas produtoras sem registro no SAD, a informação de UF foi verificada no Cadastro de CNPJ da Receita Federal: http://www.receita.fazenda.gov.br/pessoajuridica/cnpj/cnpjreva/cnpjreva_solicitacao2.asp",,,,,,,,,,,,
,,,,,,,,,,,,
"5. Nos casos que eram pessoas físicas no campo “produtor”, caso a pessoa tivesse registro na ANCINE com informação de UF, esta foi inserida nos dados. Nos casos em que não havia registro na ANCINE, não há informação de UF.",,,,,,,,,,,,
,,,,,,,,,,,,
"Elaboração: Coordenação de Gestão das Informações Regulatórias - CGI/SRG, a partir de dados levantados pela Coordenação de Estudos e Monitoramento de Mercado - CEM/SRG, para os anos de 2020 a 2024. Publicado em 04/04/2025.",,,,,,,,,,,,
