etapa_a,opcao_a,etapa_b,opcao_b,vitorias,empates,derrotas,ganho_medio,veredito,interacao,metrica
normalizacao,minmax,encoding,alvo,17,1,0,0.04868809778775247,vence,True,roc_auc
normalizacao,padrao,encoding,alvo,15,3,0,0.046526590738880956,vence,True,roc_auc
normalizacao,robusto,encoding,alvo,15,3,0,0.0423548321515703,vence,True,roc_auc
normalizacao,minmax,encoding,onehot,6,12,0,0.024116102187979906,empata,True,roc_auc
normalizacao,padrao,encoding,onehot,7,11,0,0.03447601010249133,empata,True,roc_auc
normalizacao,robusto,encoding,onehot,8,10,0,0.032689007714180734,empata,True,roc_auc
reducao,kbest,normalizacao,minmax,0,12,0,0.00022336870457228172,empata,False,roc_auc
reducao,pca,normalizacao,minmax,0,12,0,-0.003062567933850633,empata,True,roc_auc
reducao,kbest,normalizacao,padrao,0,11,1,-0.009002565810711266,empata,False,roc_auc
reducao,pca,normalizacao,padrao,0,12,0,0.00029016004929876177,empata,True,roc_auc
reducao,kbest,normalizacao,robusto,0,11,1,-0.008812978594386919,empata,False,roc_auc
reducao,pca,normalizacao,robusto,0,12,0,-0.003418910865615558,empata,True,roc_auc
reducao,kbest,normalizacao,sem,0,9,3,-0.006726828946202847,empata,False,roc_auc
reducao,pca,normalizacao,sem,0,0,12,-0.06504278703407411,perde,True,roc_auc
balanceamento,smote,encoding,alvo,1,22,1,-0.007297354570976082,empata,False,roc_auc
balanceamento,subamostragem,encoding,alvo,0,22,2,-0.0003206357597924092,empata,False,roc_auc
balanceamento,smote,encoding,onehot,0,19,5,-0.009253989737930382,empata,False,roc_auc
balanceamento,subamostragem,encoding,onehot,0,22,2,-0.0025151190546786237,empata,False,roc_auc
balanceamento,smote,normalizacao,minmax,0,11,1,-0.011286690445055833,empata,False,roc_auc
balanceamento,subamostragem,normalizacao,minmax,0,12,0,-0.0017198409146104432,empata,False,roc_auc
balanceamento,smote,normalizacao,padrao,0,10,2,-0.009757309379389909,empata,False,roc_auc
balanceamento,subamostragem,normalizacao,padrao,0,12,0,0.007153419287810908,empata,False,roc_auc
balanceamento,smote,normalizacao,robusto,0,9,3,-0.012760625680550816,empata,False,roc_auc
balanceamento,subamostragem,normalizacao,robusto,0,12,0,0.0019054587645890113,empata,False,roc_auc
balanceamento,smote,normalizacao,sem,1,11,0,0.0007019368871836277,empata,False,roc_auc
balanceamento,subamostragem,normalizacao,sem,0,8,4,-0.013010546766731542,empata,False,roc_auc
ausentes,mediana_indicadora,encoding,alvo,0,32,4,-0.0022891279865660005,empata,False,roc_auc
ausentes,mediana_indicadora,encoding,onehot,0,36,0,-0.000851161735098166,empata,False,roc_auc
normalizacao,minmax,encoding,alvo,18,0,0,0.085910217474225,vence,True,f1
normalizacao,padrao,encoding,alvo,16,2,0,0.08691131911219022,vence,False,f1
normalizacao,robusto,encoding,alvo,15,3,0,0.07998060535341717,vence,False,f1
normalizacao,minmax,encoding,onehot,8,9,1,0.046747828636837664,empata,True,f1
normalizacao,padrao,encoding,onehot,11,7,0,0.07041990567618697,vence,False,f1
normalizacao,robusto,encoding,onehot,10,8,0,0.05696371854732759,vence,False,f1
reducao,kbest,normalizacao,minmax,5,7,0,0.013121182630613135,empata,False,f1
reducao,pca,normalizacao,minmax,0,10,2,-0.005579820865909783,empata,True,f1
reducao,kbest,normalizacao,padrao,0,10,2,-0.004404335907217598,empata,False,f1
reducao,pca,normalizacao,padrao,0,12,0,-0.0010800217886685153,empata,True,f1
reducao,kbest,normalizacao,robusto,0,12,0,-0.0017706095703662883,empata,False,f1
reducao,pca,normalizacao,robusto,0,12,0,-0.003480644283984415,empata,True,f1
reducao,kbest,normalizacao,sem,5,7,0,0.030107209886080483,empata,False,f1
reducao,pca,normalizacao,sem,0,0,12,-0.06670973612839849,perde,True,f1
balanceamento,smote,encoding,alvo,5,15,4,0.00327650371053242,empata,False,f1
balanceamento,subamostragem,encoding,alvo,6,18,0,0.011907262526074047,empata,False,f1
balanceamento,smote,encoding,onehot,4,17,3,0.008135756069988632,empata,False,f1
balanceamento,subamostragem,encoding,onehot,9,15,0,0.0198560445157968,empata,False,f1
balanceamento,smote,normalizacao,minmax,0,10,2,-0.01017512741060759,empata,True,f1
balanceamento,subamostragem,normalizacao,minmax,3,9,0,0.0023624651556440703,empata,True,f1
balanceamento,smote,normalizacao,padrao,0,7,5,-0.01822180873678537,empata,True,f1
balanceamento,subamostragem,normalizacao,padrao,2,10,0,0.006550380492567139,empata,True,f1
balanceamento,smote,normalizacao,robusto,0,12,0,-0.00412790541718791,empata,True,f1
balanceamento,subamostragem,normalizacao,robusto,2,10,0,0.013746186949114067,empata,True,f1
balanceamento,smote,normalizacao,sem,9,3,0,0.05534936112562297,vence,True,f1
balanceamento,subamostragem,normalizacao,sem,8,4,0,0.040867581486416414,vence,True,f1
ausentes,mediana_indicadora,encoding,alvo,0,35,1,-0.0016475200700932656,empata,False,f1
ausentes,mediana_indicadora,encoding,onehot,1,35,0,-0.002433051519490447,empata,False,f1
