posicao,id,codigo,roc_auc_media,roc_auc_dp,empata_com_a_melhor,empata_com_o_baseline,grupo
1,50,mediana_moda|alvo|padrao|pca|subamostragem,0.8528465688696087,0.0159240943632718,True,False,melhores
2,58,mediana_moda|alvo|minmax|pca|sem,0.8501451388187915,0.0104306623079398,True,False,melhores
3,47,mediana_moda|alvo|padrao|sem|subamostragem,0.8480213232769138,0.0173529044751025,True,False,melhores
4,55,mediana_moda|alvo|minmax|sem|sem,0.8475281347641163,0.0141421065473352,True,False,melhores
5,122,mediana_indicadora|alvo|padrao|pca|subamostragem,0.8470623381591151,0.0159791905943115,True,False,melhores
6,56,mediana_moda|alvo|minmax|sem|subamostragem,0.8460465143262164,0.0133344847601373,True,False,melhores
7,119,mediana_indicadora|alvo|padrao|sem|subamostragem,0.8456143076066812,0.0160535380737487,True,False,melhores
8,59,mediana_moda|alvo|minmax|pca|subamostragem,0.8433241307685535,0.0169808223586277,True,True,melhores
9,134,mediana_indicadora|alvo|minmax|kbest|subamostragem,0.8427852613630229,0.0071904345923542,True,False,melhores
10,60,mediana_moda|alvo|minmax|pca|smote,0.8424238040431687,0.0114504915052293,True,False,melhores
135,6,mediana_moda|onehot|sem|pca|smote,0.7621440008126525,0.0172092135976209,False,False,piores
136,78,mediana_indicadora|onehot|sem|pca|smote,0.7617692627266,0.0165064135486433,False,False,piores
137,112,mediana_indicadora|alvo|sem|pca|sem,0.7531916546075699,0.0141783498678575,False,False,piores
138,40,mediana_moda|alvo|sem|pca|sem,0.7520982525403958,0.0142428096457172,False,False,piores
139,4,mediana_moda|onehot|sem|pca|sem,0.7507851916997124,0.0120933710295711,False,False,piores
140,76,mediana_indicadora|onehot|sem|pca|sem,0.7500449448799517,0.01572978789888,False,False,piores
141,41,mediana_moda|alvo|sem|pca|subamostragem,0.7328090005419613,0.0154273896773553,False,False,piores
142,113,mediana_indicadora|alvo|sem|pca|subamostragem,0.7324915581629515,0.0155443513920078,False,False,piores
143,5,mediana_moda|onehot|sem|pca|subamostragem,0.7316735146631688,0.0150952864612982,False,False,piores
144,77,mediana_indicadora|onehot|sem|pca|subamostragem,0.7312970680388657,0.0151423055212501,False,False,piores
