posicao,id,codigo,roc_auc_media,roc_auc_dp,empata_com_a_melhor,empata_com_o_baseline
1,50,mediana_moda|alvo|padrao|pca|subamostragem,0.8528465688696087,0.0159240943632718,True,False
2,58,mediana_moda|alvo|minmax|pca|sem,0.8501451388187915,0.0104306623079398,True,False
3,47,mediana_moda|alvo|padrao|sem|subamostragem,0.8480213232769138,0.0173529044751025,True,False
4,55,mediana_moda|alvo|minmax|sem|sem,0.8475281347641163,0.0141421065473352,True,False
5,122,mediana_indicadora|alvo|padrao|pca|subamostragem,0.8470623381591151,0.0159791905943115,True,False
6,56,mediana_moda|alvo|minmax|sem|subamostragem,0.8460465143262164,0.0133344847601373,True,False
7,119,mediana_indicadora|alvo|padrao|sem|subamostragem,0.8456143076066812,0.0160535380737487,True,False
8,59,mediana_moda|alvo|minmax|pca|subamostragem,0.8433241307685535,0.0169808223586277,True,True
9,134,mediana_indicadora|alvo|minmax|kbest|subamostragem,0.8427852613630229,0.0071904345923542,True,False
10,60,mediana_moda|alvo|minmax|pca|smote,0.8424238040431687,0.0114504915052293,True,False
11,65,mediana_moda|alvo|robusto|sem|subamostragem,0.8420411271788009,0.011521248984477,True,False
12,49,mediana_moda|alvo|padrao|pca|sem,0.8412070364417404,0.01450805819068,True,True
13,137,mediana_indicadora|alvo|robusto|sem|subamostragem,0.8408584519740888,0.0146952449637743,True,True
14,133,mediana_indicadora|alvo|minmax|kbest|sem,0.8389671656724609,0.0080845442777393,True,True
15,57,mediana_moda|alvo|minmax|sem|smote,0.8386224517146129,0.0127644740570705,True,True
16,100,mediana_indicadora|onehot|robusto|sem|sem,0.837998982839018,0.0157828584100213,True,True
17,125,mediana_indicadora|alvo|padrao|kbest|subamostragem,0.8378516090770003,0.0084559198089958,True,True
18,140,mediana_indicadora|alvo|robusto|pca|subamostragem,0.8378140901401474,0.0167146406323181,True,True
19,62,mediana_moda|alvo|minmax|kbest|subamostragem,0.8376074005758614,0.0089590333989044,True,True
20,136,mediana_indicadora|alvo|robusto|sem|sem,0.837388547306378,0.0169680256430436,True,True
21,29,mediana_moda|onehot|robusto|sem|subamostragem,0.8372948133549641,0.0203753108496388,True,True
22,83,mediana_indicadora|onehot|padrao|sem|subamostragem,0.8368413746552283,0.013236647661653,False,True
23,121,mediana_indicadora|alvo|padrao|pca|sem,0.836783288812792,0.0099858100312096,False,True
24,11,mediana_moda|onehot|padrao|sem|subamostragem,0.8358206504577577,0.0158621333715092,False,True
25,53,mediana_moda|alvo|padrao|kbest|subamostragem,0.8358120527835627,0.0076837109576797,False,True
26,64,mediana_moda|alvo|robusto|sem|sem,0.8356801463178236,0.013153794613471,False,True
27,28,mediana_moda|onehot|robusto|sem|sem,0.8353682040710936,0.0141498025958315,False,True
28,46,mediana_moda|alvo|padrao|sem|sem,0.8351370519854106,0.0094549038643711,False,True
29,118,mediana_indicadora|alvo|padrao|sem|sem,0.8350974490933423,0.0105655782616775,False,True
30,101,mediana_indicadora|onehot|robusto|sem|subamostragem,0.8350870273228624,0.0175349263133265,False,True
31,130,mediana_indicadora|alvo|minmax|pca|sem,0.8347619506052324,0.0130034658149734,False,True
32,67,mediana_moda|alvo|robusto|pca|sem,0.8346504319007938,0.0105223792681383,False,True
33,68,mediana_moda|alvo|robusto|pca|subamostragem,0.8345406270530127,0.0175341779013291,False,True
34,14,mediana_moda|onehot|padrao|pca|subamostragem,0.8345102074073928,0.0159784352734618,False,True
35,71,mediana_moda|alvo|robusto|kbest|subamostragem,0.8344002186835107,0.0103123860384569,False,True
36,61,mediana_moda|alvo|minmax|kbest|sem,0.8342217037322875,0.0037155833953161,False,True
37,124,mediana_indicadora|alvo|padrao|kbest|sem,0.8337206343961686,0.0086615468724601,False,True
38,86,mediana_indicadora|onehot|padrao|pca|subamostragem,0.8334019520071019,0.015310159500623,False,True
39,139,mediana_indicadora|alvo|robusto|pca|sem,0.8332548791652453,0.0126274559768729,False,True
40,127,mediana_indicadora|alvo|minmax|sem|sem,0.8332108515149723,0.0106059800830771,False,True
41,82,mediana_indicadora|onehot|padrao|sem|sem,0.8330609755597769,0.0187349205380507,False,True
42,10,mediana_moda|onehot|padrao|sem|sem,0.8327618358136742,0.0201431454182345,True,True
43,19,mediana_moda|onehot|minmax|sem|sem,0.8321705323507983,0.0153357518208945,False,True
44,32,mediana_moda|onehot|robusto|pca|subamostragem,0.8319328866465859,0.0175428099169993,False,True
45,128,mediana_indicadora|alvo|minmax|sem|subamostragem,0.8319204196357651,0.0125654890336912,False,True
46,135,mediana_indicadora|alvo|minmax|kbest|smote,0.8314746814809956,0.0118203073573748,False,True
47,143,mediana_indicadora|alvo|robusto|kbest|subamostragem,0.8306689607302434,0.007344477911859,False,True
48,51,mediana_moda|alvo|padrao|pca|smote,0.8306508109233259,0.0079030861749048,False,True
49,13,mediana_moda|onehot|padrao|pca|sem,0.8299711763848588,0.0190787327279115,False,True
50,70,mediana_moda|alvo|robusto|kbest|sem,0.8298132466407964,0.0115167481010573,False,True
51,103,mediana_indicadora|onehot|robusto|pca|sem,0.829780977167187,0.0094138864144664,False,True
52,104,mediana_indicadora|onehot|robusto|pca|subamostragem,0.8295833263138184,0.0186303918887414,False,True
53,52,mediana_moda|alvo|padrao|kbest|sem,0.8294299383720203,0.0100724718229366,False,True
54,142,mediana_indicadora|alvo|robusto|kbest|sem,0.8294071696068308,0.0088601724704446,False,True
55,63,mediana_moda|alvo|minmax|kbest|smote,0.8285640723821428,0.011095555012574,False,True
56,89,mediana_indicadora|onehot|padrao|kbest|subamostragem,0.8283722045533791,0.0179146050088402,False,True
57,132,mediana_indicadora|alvo|minmax|pca|smote,0.8283469595613516,0.0183136219514435,False,True
58,17,mediana_moda|onehot|padrao|kbest|subamostragem,0.8280090836279926,0.0173844816271531,False,True
59,98,mediana_indicadora|onehot|minmax|kbest|subamostragem,0.8273035050398241,0.0207204075811081,False,True
60,85,mediana_indicadora|onehot|padrao|pca|sem,0.8272021006941195,0.0217659967040925,False,True
61,1,mediana_moda|onehot|sem|sem|sem,0.8271660434588624,0.013974743808722,False,True
62,123,mediana_indicadora|alvo|padrao|pca|smote,0.8269359886074715,0.0093136627825988,False,True
63,131,mediana_indicadora|alvo|minmax|pca|subamostragem,0.826817501264725,0.0131079633920325,False,True
64,12,mediana_moda|onehot|padrao|sem|smote,0.8265735963429506,0.0178511995159311,False,True
65,31,mediana_moda|onehot|robusto|pca|sem,0.8264931738949997,0.0112743175160757,False,True
66,73,mediana_indicadora|onehot|sem|sem|sem,0.82570853171187,0.01298334491405,False,True
67,20,mediana_moda|onehot|minmax|sem|subamostragem,0.8256382552593532,0.0142027931078694,False,True
68,15,mediana_moda|onehot|padrao|pca|smote,0.8253001129754788,0.0176507532914853,False,True
69,129,mediana_indicadora|alvo|minmax|sem|smote,0.8251118250603244,0.0126608225860413,False,True
70,84,mediana_indicadora|onehot|padrao|sem|smote,0.8248663780351542,0.0162971407767225,False,True
71,120,mediana_indicadora|alvo|padrao|sem|smote,0.8247628140642519,0.0088690817542352,False,True
72,26,mediana_moda|onehot|minmax|kbest|subamostragem,0.8246394148206827,0.0169248777962407,False,True
73,97,mediana_indicadora|onehot|minmax|kbest|sem,0.8245046171359356,0.0128874664424805,False,True
74,48,mediana_moda|alvo|padrao|sem|smote,0.8241989468161959,0.0082127094627297,False,True
75,69,mediana_moda|alvo|robusto|pca|smote,0.8241761564645309,0.0067689929266344,False,True
76,88,mediana_indicadora|onehot|padrao|kbest|sem,0.8241553513255981,0.0097120987906751,False,True
77,34,mediana_moda|onehot|robusto|kbest|sem,0.8239869389231167,0.0163567988376654,False,True
78,22,mediana_moda|onehot|minmax|pca|sem,0.823556149871896,0.0158585965964612,False,True
79,35,mediana_moda|onehot|robusto|kbest|subamostragem,0.8229988602028092,0.0197215528607191,False,True
80,66,mediana_moda|alvo|robusto|sem|smote,0.8228318598373878,0.0100147937169199,False,True
81,141,mediana_indicadora|alvo|robusto|pca|smote,0.8226855564438861,0.0117079831465068,False,True
82,91,mediana_indicadora|onehot|minmax|sem|sem,0.8226089439306472,0.0243711047491058,False,True
83,106,mediana_indicadora|onehot|robusto|kbest|sem,0.8217524846385243,0.0136209860505739,False,True
84,126,mediana_indicadora|alvo|padrao|kbest|smote,0.821479033541269,0.0177840800650509,False,True
85,138,mediana_indicadora|alvo|robusto|sem|smote,0.8213900604244554,0.0120985689870872,False,True
86,37,mediana_moda|alvo|sem|sem|sem,0.8213153225714741,0.0171933261941934,False,True
87,107,mediana_indicadora|onehot|robusto|kbest|subamostragem,0.8212202980460314,0.0148153782039322,False,True
88,102,mediana_indicadora|onehot|robusto|sem|smote,0.821078819034272,0.0137704965960699,False,True
89,87,mediana_indicadora|onehot|padrao|pca|smote,0.8203670430159171,0.019799448171956,False,True
90,25,mediana_moda|onehot|minmax|kbest|sem,0.8203253878053338,0.0154546386983814,False,True
91,16,mediana_moda|onehot|padrao|kbest|sem,0.8197958021485018,0.0161549148970783,False,True
92,3,mediana_moda|onehot|sem|sem|smote,0.8185323019002496,0.0133222760723691,False,True
93,72,mediana_moda|alvo|robusto|kbest|smote,0.8182313791190925,0.0169248678896431,False,True
94,144,mediana_indicadora|alvo|robusto|kbest|smote,0.8180482768462978,0.0149848532163981,False,True
95,75,mediana_indicadora|onehot|sem|sem|smote,0.8178611985167838,0.0113139700217703,False,True
96,92,mediana_indicadora|onehot|minmax|sem|subamostragem,0.8177660448244415,0.018095462927464,False,True
97,105,mediana_indicadora|onehot|robusto|pca|smote,0.8176046980038782,0.0106464080663024,False,True
98,33,mediana_moda|onehot|robusto|pca|smote,0.8175383390664978,0.008574488077216,False,True
99,39,mediana_moda|alvo|sem|sem|smote,0.8173819023869902,0.0157063404992823,False,True
100,54,mediana_moda|alvo|padrao|kbest|smote,0.8163616475780436,0.018302149698182,False,True
101,109,mediana_indicadora|alvo|sem|sem|sem,0.8158134761222374,0.0145502907895083,False,True
102,111,mediana_indicadora|alvo|sem|sem|smote,0.8149493562123069,0.0130069746747453,False,True
103,23,mediana_moda|onehot|minmax|pca|subamostragem,0.8145876718825067,0.0142120583142805,False,True
104,79,mediana_indicadora|onehot|sem|kbest|sem,0.8143062873253429,0.0131056810520523,False,True
105,30,mediana_moda|onehot|robusto|sem|smote,0.8140640329868252,0.0127081752335536,False,True
106,108,mediana_indicadora|onehot|robusto|kbest|smote,0.8133749722367423,0.0110641063325358,False,True
107,99,mediana_indicadora|onehot|minmax|kbest|smote,0.8133241553661857,0.00667880313202,False,True
108,7,mediana_moda|onehot|sem|kbest|sem,0.813166358347663,0.006861873181265,False,False
109,80,mediana_indicadora|onehot|sem|kbest|subamostragem,0.8130368151708248,0.017937683139948,False,True
110,90,mediana_indicadora|onehot|padrao|kbest|smote,0.8123160051733708,0.0088415569290121,False,False
111,81,mediana_indicadora|onehot|sem|kbest|smote,0.8118211722951603,0.0126274370766639,False,False
112,95,mediana_indicadora|onehot|minmax|pca|subamostragem,0.8116685901702354,0.0197923000267988,False,True
113,8,mediana_moda|onehot|sem|kbest|subamostragem,0.8116171037669855,0.0158780393173501,False,True
114,36,mediana_moda|onehot|robusto|kbest|smote,0.8114235238413314,0.0194273599464079,False,True
115,24,mediana_moda|onehot|minmax|pca|smote,0.8097486279174728,0.0076534352670019,False,False
116,27,mediana_moda|onehot|minmax|kbest|smote,0.8090365314650958,0.0158238334278864,False,False
117,94,mediana_indicadora|onehot|minmax|pca|sem,0.8087422247040413,0.0204118639471531,False,True
118,9,mediana_moda|onehot|sem|kbest|smote,0.8085007332831872,0.0099873453402442,False,False
119,18,mediana_moda|onehot|padrao|kbest|smote,0.8074225514018952,0.0163867544365613,False,False
120,2,mediana_moda|onehot|sem|sem|subamostragem,0.8071849272841585,0.0293723595811447,False,True
121,116,mediana_indicadora|alvo|sem|kbest|subamostragem,0.8064233677695494,0.0196919648933257,False,False
122,21,mediana_moda|onehot|minmax|sem|smote,0.8054728946057385,0.0027919440023947,False,False
123,44,mediana_moda|alvo|sem|kbest|subamostragem,0.8054091191627727,0.0184976742693258,False,False
124,115,mediana_indicadora|alvo|sem|kbest|sem,0.8042683250054118,0.0130678879275493,False,False
125,93,mediana_indicadora|onehot|minmax|sem|smote,0.8039766043979754,0.0206656982990561,False,False
126,74,mediana_indicadora|onehot|sem|sem|subamostragem,0.8035647638532655,0.0265136417023729,False,True
127,43,mediana_moda|alvo|sem|kbest|sem,0.8032615268611542,0.012235342095659,False,False
128,110,mediana_indicadora|alvo|sem|sem|subamostragem,0.7998529648953696,0.0277061909682613,False,True
129,38,mediana_moda|alvo|sem|sem|subamostragem,0.7996391506209937,0.0271976033376902,False,False
130,96,mediana_indicadora|onehot|minmax|pca|smote,0.7991999075707789,0.0205643202383292,False,False
131,117,mediana_indicadora|alvo|sem|kbest|smote,0.7990738674643902,0.0179342949169408,False,False
132,45,mediana_moda|alvo|sem|kbest|smote,0.7973633157276855,0.0164929203453081,False,False
133,114,mediana_indicadora|alvo|sem|pca|smote,0.7676251541614572,0.0123999655494859,False,False
134,42,mediana_moda|alvo|sem|pca|smote,0.7625268922903856,0.0132524699210905,False,False
135,6,mediana_moda|onehot|sem|pca|smote,0.7621440008126525,0.0172092135976209,False,False
136,78,mediana_indicadora|onehot|sem|pca|smote,0.7617692627266,0.0165064135486433,False,False
137,112,mediana_indicadora|alvo|sem|pca|sem,0.7531916546075699,0.0141783498678575,False,False
138,40,mediana_moda|alvo|sem|pca|sem,0.7520982525403958,0.0142428096457172,False,False
139,4,mediana_moda|onehot|sem|pca|sem,0.7507851916997124,0.0120933710295711,False,False
140,76,mediana_indicadora|onehot|sem|pca|sem,0.7500449448799517,0.01572978789888,False,False
141,41,mediana_moda|alvo|sem|pca|subamostragem,0.7328090005419613,0.0154273896773553,False,False
142,113,mediana_indicadora|alvo|sem|pca|subamostragem,0.7324915581629515,0.0155443513920078,False,False
143,5,mediana_moda|onehot|sem|pca|subamostragem,0.7316735146631688,0.0150952864612982,False,False
144,77,mediana_indicadora|onehot|sem|pca|subamostragem,0.7312970680388657,0.0151423055212501,False,False
