etapa,opcao,referencia,media,combinacoes,vitorias,empates,derrotas,ganho_medio,metrica
ausentes,mediana_indicadora,False,0.8179788806227287,72,0.0,68.0,4.0,-0.0015701448608320832,roc_auc
ausentes,mediana_moda,True,0.8195490254835609,72,,,,,roc_auc
encoding,alvo,False,0.8224753916753875,72,13.0,59.0,0.0,0.007422877244485291,roc_auc
encoding,onehot,True,0.8150525144309021,72,,,,,roc_auc
normalizacao,minmax,False,0.8265597229556539,36,23.0,13.0,0.0,0.03640209998786618,roc_auc
normalizacao,padrao,False,0.8306589233884739,36,22.0,14.0,0.0,0.04050130042068614,roc_auc
normalizacao,robusto,False,0.8276795429006634,36,23.0,13.0,0.0,0.03752191993287552,roc_auc
normalizacao,sem,True,0.7901576229677879,36,,,,,roc_auc
reducao,kbest,False,0.8206469610940434,48,0.0,43.0,5.0,-0.006079751161682187,roc_auc
reducao,pca,False,0.8089181858096652,48,0.0,36.0,12.0,-0.017808526446060385,roc_auc
reducao,sem,True,0.8267267122557257,48,,,,,roc_auc
balanceamento,sem,True,0.8219951362403742,48,,,,,roc_auc
balanceamento,smote,False,0.8137194640859211,48,1.0,41.0,6.0,-0.008275672154453233,roc_auc
balanceamento,subamostragem,False,0.8205772588331389,48,0.0,44.0,4.0,-0.0014178774072355165,roc_auc
ausentes,mediana_indicadora,False,0.6154811940284224,72,1.0,70.0,1.0,-0.002040285794791856,f1
ausentes,mediana_moda,True,0.6175214798232141,72,,,,,f1
encoding,alvo,False,0.6236340940056179,72,20.0,52.0,0.0,0.014265514159599233,f1
encoding,onehot,True,0.6093685798460187,72,,,,,f1
normalizacao,minmax,False,0.6294636606313264,36,26.0,9.0,1.0,0.06632902305553133,f1
normalizacao,padrao,False,0.6418002499699839,36,27.0,9.0,0.0,0.0786656123941886,f1
normalizacao,robusto,False,0.6316067995261677,36,25.0,11.0,0.0,0.06847216195037237,f1
normalizacao,sem,True,0.5631346375757951,36,,,,,f1
reducao,kbest,False,0.6290810966879167,48,10.0,36.0,2.0,0.009263361759777433,f1
reducao,pca,False,0.6006051791613989,48,0.0,34.0,14.0,-0.019212555766740302,f1
reducao,sem,True,0.6198177349281392,48,,,,,f1
balanceamento,sem,True,0.6093054091220863,48,,,,,f1
balanceamento,smote,False,0.6150115390123467,48,9.0,32.0,7.0,0.005706129890260526,f1
balanceamento,subamostragem,False,0.6251870626430217,48,15.0,33.0,0.0,0.015881653520935426,f1
