indice,fold
0,1
1,2
2,2
3,4
4,3
5,3
6,4
7,2
8,3
9,2
10,3
11,4
12,0
13,3
14,4
15,2
16,0
17,1
18,2
19,3
20,0
21,2
22,3
23,0
24,3
25,1
26,1
27,0
28,2
29,1
30,4
31,3
32,0
33,0
34,2
35,0
36,2
37,0
38,3
39,0
40,3
41,4
42,2
43,0
44,0
45,3
46,4
47,3
48,2
49,0
50,0
51,4
52,1
53,2
54,4
55,3
56,1
57,0
58,3
59,3
60,0
61,0
62,3
63,0
64,4
65,3
66,0
67,1
68,0
69,2
70,0
71,3
72,4
73,1
74,2
75,3
76,4
77,0
78,3
79,2
80,2
81,3
82,3
83,4
84,3
85,4
86,1
87,3
88,1
89,4
90,1
91,4
92,0
93,3
94,3
95,4
96,1
97,4
98,2
99,3
100,4
101,1
102,4
103,4
104,3
105,0
106,0
107,2
108,3
109,0
110,1
111,1
112,1
113,0
114,0
115,3
116,3
117,0
118,0
119,3
120,4
121,3
122,4
123,1
124,4
125,0
126,4
127,4
128,1
129,3
130,0
131,0
132,2
133,0
134,3
135,0
136,3
137,4
138,1
139,0
140,1
141,0
142,0
143,3
144,3
145,4
146,2
147,3
148,3
149,0
150,1
151,2
152,3
153,1
154,1
155,2
156,1
157,4
158,3
159,2
160,4
161,1
162,4
163,4
164,0
165,3
166,3
167,3
168,2
169,1
170,1
171,0
172,4
173,3
174,4
175,3
176,4
177,4
178,4
179,1
180,1
181,4
182,2
183,4
184,0
185,4
186,4
187,3
188,4
189,0
190,4
191,2
192,1
193,3
194,0
195,0
196,0
197,3
198,0
199,1
200,1
201,4
202,0
203,1
204,4
205,3
206,4
207,1
208,3
209,1
210,3
211,2
212,0
213,4
214,1
215,2
216,3
217,4
218,0
219,3
220,4
221,0
222,4
223,1
224,1
225,2
226,0
227,1
228,0
229,1
230,1
231,2
232,1
233,4
234,4
235,0
236,2
237,3
238,0
239,3
240,4
241,1
242,2
243,0
244,0
245,3
246,1
247,1
248,2
249,2
250,2
251,3
252,1
253,0
254,3
255,4
256,0
257,2
258,1
259,1
260,4
261,3
262,0
263,3
264,3
265,4
266,0
267,1
268,3
269,2
270,1
271,1
272,2
273,4
274,3
275,0
276,3
277,0
278,0
279,1
280,3
281,2
282,0
283,1
284,0
285,0
286,2
287,3
288,2
289,2
290,3
291,1
292,0
293,1
294,1
295,4
296,2
297,4
298,2
299,2
300,3
301,3
302,4
303,3
304,1
305,0
306,1
307,1
308,2
309,2
310,4
311,0
312,0
313,1
314,3
315,0
316,0
317,4
318,0
319,0
320,1
321,2
322,0
323,0
324,0
325,2
326,3
327,0
328,0
329,4
330,0
331,0
332,0
333,2
334,2
335,3
336,4
337,3
338,4
339,2
340,2
341,4
342,3
343,2
344,2
345,1
346,3
347,1
348,0
349,4
350,2
351,3
352,0
353,0
354,4
355,4
356,3
357,3
358,4
359,1
360,2
361,2
362,3
363,0
364,4
365,1
366,1
367,3
368,4
369,3
370,2
371,0
372,4
373,3
374,4
375,3
376,1
377,3
378,0
379,0
380,0
381,2
382,3
383,0
384,1
385,0
386,4
387,3
388,1
389,3
390,0
391,2
392,1
393,1
394,2
395,1
396,2
397,0
398,2
399,3
400,4
401,3
402,4
403,1
404,1
405,3
406,3
407,4
408,1
409,3
410,2
411,2
412,4
413,3
414,4
415,1
416,1
417,2
418,4
419,0
420,4
421,3
422,4
423,4
424,2
425,0
426,3
427,3
428,4
429,2
430,0
431,4
432,4
433,4
434,1
435,4
436,0
437,0
438,2
439,0
440,3
441,2
442,0
443,2
444,4
445,4
446,3
447,4
448,1
449,1
450,3
451,1
452,2
453,0
454,2
455,3
456,3
457,4
458,1
459,1
460,0
461,3
462,3
463,0
464,4
465,2
466,1
467,4
468,1
469,1
470,1
471,1
472,1
473,2
474,0
475,2
476,3
477,0
478,3
479,4
480,3
481,1
482,4
483,1
484,2
485,1
486,4
487,3
488,1
489,1
490,2
491,0
492,1
493,2
494,0
495,0
496,3
497,0
498,0
499,1
500,2
501,0
502,0
503,3
504,3
505,3
506,0
507,0
508,1
509,0
510,2
511,2
512,1
513,1
514,1
515,3
516,3
517,3
518,4
519,4
520,3
521,2
522,1
523,0
524,2
525,4
526,4
527,1
528,1
529,3
530,3
531,0
532,0
533,1
534,4
535,4
536,2
537,0
538,1
539,1
540,0
541,1
542,3
543,3
544,3
545,0
546,0
547,2
548,0
549,1
550,4
551,1
552,1
553,4
554,1
555,0
556,2
557,1
558,0
559,4
560,4
561,3
562,0
563,1
564,0
565,2
566,3
567,4
568,4
569,4
570,1
571,4
572,0
573,1
574,1
575,1
576,4
577,4
578,1
579,1
580,3
581,1
582,4
583,4
584,3
585,1
586,3
587,2
588,4
589,4
590,0
591,1
592,4
593,1
594,0
595,3
596,0
597,4
598,1
599,1
600,2
601,1
602,0
603,2
604,4
605,1
606,1
607,4
608,2
609,2
610,0
611,4
612,2
613,3
614,2
615,4
616,2
617,1
618,0
619,0
620,2
621,1
622,4
623,4
624,0
625,0
626,4
627,2
628,0
629,4
630,1
631,1
632,2
633,2
634,0
635,2
636,0
637,2
638,4
639,2
640,3
641,2
642,3
643,3
644,4
645,3
646,4
647,4
648,0
649,0
650,0
651,1
652,3
653,3
654,2
655,2
656,4
657,3
658,4
659,3
660,3
661,4
662,1
663,2
664,1
665,0
666,1
667,2
668,4
669,3
670,2
671,1
672,2
673,1
674,1
675,3
676,4
677,3
678,3
679,1
680,3
681,2
682,1
683,1
684,3
685,2
686,0
687,0
688,4
689,1
690,4
691,3
692,1
693,3
694,0
695,0
696,0
697,2
698,3
699,4
700,2
701,0
702,0
703,2
704,1
705,4
706,4
707,1
708,1
709,4
710,3
711,1
712,1
713,0
714,3
715,1
716,3
717,3
718,2
719,0
720,1
721,3
722,1
723,2
724,1
725,4
726,4
727,4
728,0
729,3
730,0
731,1
732,4
733,0
734,3
735,2
736,2
737,0
738,4
739,0
740,4
741,1
742,3
743,1
744,1
745,0
746,1
747,2
748,3
749,2
750,3
751,2
752,1
753,1
754,2
755,4
756,3
757,2
758,3
759,0
760,4
761,3
762,2
763,0
764,1
765,4
766,3
767,3
768,2
769,3
770,2
771,4
772,2
773,1
774,4
775,2
776,3
777,4
778,3
779,2
780,1
781,3
782,2
783,1
784,3
785,0
786,4
787,3
788,0
789,0
790,2
791,0
792,1
793,0
794,4
795,1
796,4
797,2
798,4
799,0
800,3
801,3
802,0
803,2
804,4
805,3
806,4
807,4
808,2
809,0
810,1
811,4
812,2
813,4
814,3
815,2
816,3
817,4
818,1
819,2
820,0
821,3
822,4
823,3
824,1
825,2
826,1
827,0
828,4
829,0
830,1
831,2
832,0
833,4
834,0
835,4
836,0
837,2
838,4
839,0
840,3
841,4
842,2
843,3
844,2
845,1
846,1
847,4
848,1
849,1
850,0
851,3
852,0
853,2
854,4
855,4
856,4
857,1
858,2
859,4
860,1
861,2
862,2
863,2
864,4
865,2
866,0
867,3
868,4
869,4
870,3
871,2
872,2
873,4
874,2
875,0
876,1
877,3
878,0
879,3
880,1
881,4
882,1
883,4
884,0
885,3
886,1
887,0
888,0
889,3
890,3
891,1
892,4
893,0
894,1
895,2
896,1
897,3
898,2
899,0
900,1
901,3
902,0
903,4
904,1
905,4
906,1
907,1
908,0
909,3
910,0
911,3
912,4
913,1
914,1
915,3
916,0
917,2
918,0
919,1
920,2
921,1
922,4
923,0
924,1
925,0
926,4
927,3
928,0
929,0
930,0
931,1
932,0
933,1
934,2
935,0
936,4
937,3
938,2
939,3
940,3
941,4
942,1
943,0
944,3
945,4
946,3
947,4
948,4
949,1
950,0
951,3
952,4
953,4
954,4
955,4
956,4
957,2
958,1
959,2
960,0
961,1
962,2
963,2
964,3
965,0
966,4
967,1
968,4
969,4
970,0
971,1
972,1
973,3
974,1
975,0
976,1
977,2
978,0
979,1
980,2
981,0
982,1
983,1
984,4
985,3
986,4
987,4
988,0
989,2
990,0
991,4
992,1
993,1
994,3
995,2
996,2
997,0
998,3
999,0
1000,4
1001,3
1002,1
1003,2
1004,0
1005,0
1006,3
1007,2
1008,0
1009,4
1010,1
1011,1
1012,4
1013,3
1014,0
1015,3
1016,0
1017,4
1018,2
1019,4
1020,3
1021,2
1022,3
1023,2
1024,1
1025,4
1026,4
1027,1
1028,2
1029,3
1030,2
1031,2
1032,2
1033,0
1034,0
1035,4
1036,4
1037,0
1038,0
1039,0
1040,4
1041,0
1042,4
1043,3
1044,1
1045,1
1046,3
1047,4
1048,3
1049,4
1050,3
1051,0
1052,2
1053,0
1054,2
1055,2
1056,0
1057,3
1058,2
1059,4
1060,4
1061,3
1062,2
1063,1
1064,0
1065,3
1066,4
1067,0
1068,3
1069,2
1070,1
1071,1
1072,3
1073,1
1074,0
1075,4
1076,2
1077,1
1078,4
1079,4
1080,2
1081,0
1082,2
1083,2
1084,0
1085,0
1086,1
1087,3
1088,1
1089,4
1090,1
1091,1
1092,3
1093,2
1094,4
1095,1
1096,2
1097,0
1098,1
1099,1
1100,2
1101,4
1102,3
1103,4
1104,2
1105,2
1106,2
1107,4
1108,2
1109,2
1110,1
1111,3
1112,0
1113,3
1114,4
1115,1
1116,1
1117,2
1118,3
1119,2
1120,2
1121,1
1122,2
1123,1
1124,0
1125,2
1126,1
1127,3
1128,4
1129,0
1130,0
1131,0
1132,4
1133,4
1134,0
1135,2
1136,0
1137,4
1138,4
1139,2
1140,4
1141,4
1142,4
1143,0
1144,1
1145,0
1146,4
1147,3
1148,4
1149,3
1150,2
1151,2
1152,1
1153,0
1154,1
1155,4
1156,1
1157,2
1158,2
1159,2
1160,4
1161,3
1162,3
1163,3
1164,4
1165,1
1166,0
1167,0
1168,2
1169,4
1170,4
1171,2
1172,3
1173,3
1174,4
1175,4
1176,2
1177,4
1178,4
1179,3
1180,0
1181,2
1182,0
1183,4
1184,3
1185,4
1186,0
1187,0
1188,0
1189,1
1190,0
1191,3
1192,3
1193,0
1194,1
1195,4
1196,0
1197,2
1198,2
1199,3
1200,4
1201,0
1202,2
1203,4
1204,2
1205,1
1206,2
1207,4
1208,3
1209,3
1210,1
1211,0
1212,4
1213,1
1214,1
1215,0
1216,1
1217,2
1218,4
1219,3
1220,1
1221,0
1222,3
1223,0
1224,4
1225,2
1226,0
1227,4
1228,1
1229,2
1230,0
1231,1
1232,0
1233,3
1234,1
1235,1
1236,1
1237,0
1238,2
1239,2
1240,4
1241,2
1242,0
1243,2
1244,2
1245,4
1246,1
1247,0
1248,0
1249,0
1250,4
1251,1
1252,4
1253,2
1254,1
1255,0
1256,0
1257,2
1258,2
1259,0
1260,3
1261,1
1262,0
1263,2
1264,4
1265,0
1266,4
1267,4
1268,4
1269,3
1270,3
1271,2
1272,1
1273,2
1274,2
1275,4
1276,2
1277,4
1278,4
1279,1
1280,4
1281,4
1282,1
1283,1
1284,2
1285,4
1286,0
1287,2
1288,3
1289,1
1290,3
1291,2
1292,2
1293,4
1294,3
1295,0
1296,2
1297,4
1298,1
1299,2
1300,0
1301,0
1302,2
1303,1
1304,0
1305,2
1306,2
1307,3
1308,1
1309,3
1310,3
1311,1
1312,1
1313,4
1314,2
1315,4
1316,0
1317,2
1318,3
1319,3
1320,1
1321,2
1322,4
1323,2
1324,0
1325,1
1326,1
1327,2
1328,3
1329,3
1330,3
1331,2
1332,0
1333,1
1334,1
1335,0
1336,0
1337,0
1338,1
1339,3
1340,0
1341,0
1342,1
1343,2
1344,4
1345,4
1346,1
1347,0
1348,4
1349,4
1350,2
1351,1
1352,1
1353,0
1354,4
1355,2
1356,3
1357,2
1358,2
1359,4
1360,1
1361,3
1362,2
1363,3
1364,1
1365,4
1366,3
1367,3
1368,2
1369,0
1370,3
1371,4
1372,2
1373,2
1374,2
1375,2
1376,3
1377,3
1378,3
1379,1
1380,4
1381,0
1382,0
1383,3
1384,0
1385,4
1386,3
1387,1
1388,4
1389,0
1390,1
1391,1
1392,0
1393,1
1394,1
1395,0
1396,2
1397,3
1398,3
1399,0
1400,0
1401,3
1402,0
1403,0
1404,0
1405,0
1406,3
1407,2
1408,2
1409,1
1410,1
1411,0
1412,2
1413,4
1414,4
1415,3
1416,3
1417,1
1418,0
1419,1
1420,0
1421,0
1422,3
1423,1
1424,3
1425,3
1426,1
1427,3
1428,3
1429,2
1430,0
1431,4
1432,0
1433,3
1434,1
1435,0
1436,1
1437,0
1438,1
1439,3
1440,0
1441,0
1442,2
1443,2
1444,2
1445,3
1446,0
1447,1
1448,0
1449,0
1450,0
1451,0
1452,0
1453,1
1454,0
1455,4
1456,3
1457,3
1458,0
1459,0
1460,2
1461,4
1462,2
1463,0
1464,3
1465,0
1466,3
1467,1
1468,3
1469,2
1470,0
1471,0
1472,0
1473,1
1474,2
1475,2
1476,3
1477,0
1478,0
1479,4
1480,1
1481,4
1482,1
1483,3
1484,3
1485,0
1486,1
1487,0
1488,4
1489,4
1490,0
1491,2
1492,4
1493,4
1494,4
1495,4
1496,1
1497,2
1498,1
1499,0
1500,4
1501,0
1502,3
1503,0
1504,4
1505,1
1506,3
1507,0
1508,3
1509,4
1510,0
1511,0
1512,3
1513,4
1514,1
1515,3
1516,1
1517,3
1518,3
1519,0
1520,3
1521,2
1522,0
1523,2
1524,0
1525,4
1526,1
1527,3
1528,2
1529,1
1530,3
1531,3
1532,3
1533,3
1534,1
1535,4
1536,3
1537,3
1538,0
1539,2
1540,1
1541,3
1542,2
1543,1
1544,0
1545,2
1546,2
1547,4
1548,0
1549,0
1550,1
1551,2
1552,0
1553,2
1554,3
1555,2
1556,4
1557,3
1558,4
1559,3
1560,0
1561,1
1562,1
1563,0
1564,4
1565,2
1566,1
1567,2
1568,2
1569,4
1570,3
1571,3
1572,1
1573,2
1574,3
1575,4
1576,3
1577,2
1578,1
1579,1
1580,4
1581,2
1582,1
1583,1
1584,1
1585,3
1586,3
1587,0
1588,2
1589,2
1590,4
1591,0
1592,1
1593,4
1594,0
1595,2
1596,2
1597,1
1598,2
1599,2
1600,3
1601,4
1602,1
1603,3
1604,4
1605,4
1606,4
1607,2
1608,0
1609,3
1610,2
1611,3
1612,1
1613,4
1614,2
1615,0
1616,0
1617,2
1618,0
1619,2
1620,4
1621,4
1622,3
1623,2
1624,3
1625,1
1626,4
1627,0
1628,4
1629,0
1630,2
1631,2
1632,2
1633,0
1634,4
1635,0
1636,1
1637,3
1638,4
1639,1
1640,2
1641,0
1642,2
1643,2
1644,2
1645,0
1646,1
1647,0
1648,4
1649,3
1650,2
1651,4
1652,0
1653,3
1654,2
1655,2
1656,3
1657,4
1658,4
1659,1
1660,0
1661,0
1662,3
1663,0
1664,3
1665,3
1666,4
1667,2
1668,0
1669,3
1670,3
1671,3
1672,2
1673,1
1674,2
1675,2
1676,2
1677,1
1678,1
1679,1
1680,0
1681,1
1682,4
1683,4
1684,4
1685,2
1686,1
1687,3
1688,3
1689,4
1690,2
1691,3
1692,1
1693,0
1694,2
1695,0
1696,3
1697,1
1698,1
1699,3
1700,3
1701,2
1702,2
1703,2
1704,3
1705,3
1706,3
1707,2
1708,4
1709,2
1710,1
1711,1
1712,1
1713,0
1714,0
1715,4
1716,1
1717,1
1718,0
1719,1
1720,2
1721,4
1722,4
1723,3
1724,1
1725,0
1726,3
1727,2
1728,3
1729,4
1730,0
1731,0
1732,3
1733,1
1734,4
1735,3
1736,4
1737,2
1738,4
1739,1
1740,0
1741,2
1742,4
1743,1
1744,1
1745,1
1746,1
1747,0
1748,1
1749,4
1750,0
1751,4
1752,2
1753,1
1754,1
1755,3
1756,4
1757,2
1758,2
1759,3
1760,1
1761,2
1762,0
1763,1
1764,4
1765,2
1766,2
1767,1
1768,1
1769,4
1770,2
1771,0
1772,2
1773,3
1774,4
1775,1
1776,1
1777,3
1778,3
1779,3
1780,0
1781,1
1782,0
1783,2
1784,3
1785,4
1786,1
1787,4
1788,4
1789,4
1790,1
1791,0
1792,2
1793,0
1794,2
1795,1
1796,3
1797,0
1798,0
1799,2
1800,4
1801,2
1802,1
1803,3
1804,2
1805,2
1806,3
1807,1
1808,0
1809,3
1810,4
1811,1
1812,4
1813,3
1814,3
1815,3
1816,4
1817,4
1818,1
1819,0
1820,0
1821,3
1822,3
1823,4
1824,4
1825,0
1826,1
1827,1
1828,0
1829,2
1830,3
1831,3
1832,3
1833,2
1834,4
1835,0
1836,2
1837,2
1838,2
1839,3
1840,3
1841,1
1842,4
1843,4
1844,4
1845,2
1846,0
1847,2
1848,2
1849,4
1850,4
1851,2
1852,1
1853,1
1854,3
1855,3
1856,2
1857,4
1858,3
1859,1
1860,2
1861,1
1862,2
1863,2
1864,2
1865,1
1866,1
1867,3
1868,2
1869,4
1870,4
1871,2
1872,2
1873,2
1874,0
1875,1
1876,4
1877,2
1878,3
1879,2
1880,0
1881,1
1882,4
1883,1
1884,0
1885,0
1886,0
1887,1
1888,2
1889,2
1890,2
1891,0
1892,3
1893,4
1894,2
1895,2
1896,1
1897,3
1898,4
1899,0
1900,2
1901,4
1902,0
1903,4
1904,4
1905,1
1906,2
1907,2
1908,2
1909,4
1910,0
1911,3
1912,4
1913,0
1914,2
1915,0
1916,2
1917,3
1918,1
1919,0
1920,1
1921,3
1922,1
1923,2
1924,3
1925,2
1926,3
1927,2
1928,1
1929,2
1930,1
1931,4
1932,1
1933,1
1934,0
1935,0
1936,1
1937,3
1938,4
1939,4
1940,0
1941,1
1942,2
1943,1
1944,2
1945,4
1946,1
1947,2
1948,1
1949,4
1950,3
1951,3
1952,1
1953,1
1954,3
1955,2
1956,3
1957,3
1958,0
1959,2
1960,3
1961,2
1962,2
1963,4
1964,4
1965,1
1966,0
1967,2
1968,0
1969,2
1970,3
1971,0
1972,1
1973,1
1974,2
1975,3
1976,3
1977,3
1978,1
1979,2
1980,4
1981,3
1982,0
1983,3
1984,0
1985,0
1986,3
1987,2
1988,3
1989,4
1990,2
1991,2
1992,4
1993,0
1994,2
1995,2
1996,4
1997,4
1998,1
1999,0
2000,2
2001,3
2002,3
2003,0
2004,4
2005,2
2006,1
2007,1
2008,4
2009,4
2010,4
2011,4
2012,4
2013,1
2014,4
2015,2
2016,1
2017,0
2018,3
2019,3
2020,0
2021,3
2022,3
2023,3
2024,2
2025,4
2026,0
2027,1
2028,3
2029,1
2030,4
2031,2
2032,2
2033,3
2034,4
2035,3
2036,3
2037,3
2038,1
2039,2
2040,4
2041,0
2042,0
2043,2
2044,4
2045,0
2046,0
2047,1
2048,0
2049,1
2050,3
2051,4
2052,3
2053,1
2054,4
2055,3
2056,0
2057,0
2058,1
2059,2
2060,3
2061,2
2062,1
2063,4
2064,4
2065,1
2066,4
2067,1
2068,4
2069,3
2070,2
2071,4
2072,2
2073,3
2074,3
2075,2
2076,2
2077,2
2078,2
2079,4
2080,3
2081,4
2082,3
2083,3
2084,2
2085,0
2086,0
2087,3
2088,2
2089,3
2090,3
2091,2
2092,4
2093,0
2094,4
2095,2
2096,1
2097,2
2098,0
2099,4
2100,4
2101,1
2102,3
2103,2
2104,3
2105,0
2106,4
2107,4
2108,0
2109,3
2110,3
2111,1
2112,4
2113,2
2114,2
2115,0
2116,0
2117,1
2118,3
2119,1
2120,0
2121,4
2122,4
2123,0
2124,4
2125,2
2126,4
2127,0
2128,2
2129,4
2130,2
2131,1
2132,0
2133,1
2134,3
2135,2
2136,4
2137,4
2138,0
2139,2
2140,4
2141,4
2142,1
2143,0
2144,2
2145,0
2146,4
2147,0
2148,4
2149,1
2150,3
2151,3
2152,4
2153,0
2154,1
2155,1
2156,2
2157,4
2158,4
2159,4
2160,4
2161,0
2162,1
2163,2
2164,1
2165,3
2166,4
2167,4
2168,1
2169,3
2170,4
2171,0
2172,2
2173,4
2174,4
2175,1
2176,2
2177,1
2178,4
2179,1
2180,3
2181,1
2182,3
2183,1
2184,0
2185,0
2186,2
2187,3
2188,1
2189,4
2190,3
2191,0
2192,1
2193,3
2194,2
2195,2
2196,0
2197,2
2198,4
2199,2
2200,0
2201,2
2202,0
2203,0
2204,0
2205,4
2206,1
2207,0
2208,3
2209,0
2210,3
2211,2
2212,0
2213,3
2214,4
2215,2
2216,4
2217,4
2218,2
2219,4
2220,3
2221,2
2222,2
2223,0
2224,4
2225,2
2226,1
2227,2
2228,4
2229,3
2230,1
2231,0
2232,1
2233,0
2234,0
2235,1
2236,4
2237,2
2238,4
2239,4
2240,3
2241,4
2242,3
2243,3
2244,3
2245,3
2246,3
2247,1
2248,1
2249,4
2250,1
2251,3
2252,2
2253,3
2254,4
2255,4
2256,4
2257,0
2258,1
2259,3
2260,1
2261,4
2262,3
2263,4
2264,2
2265,1
2266,4
2267,0
2268,1
2269,3
2270,0
2271,3
2272,1
2273,3
2274,3
2275,2
2276,4
2277,1
2278,1
2279,1
2280,3
2281,3
2282,3
2283,3
2284,1
2285,4
2286,3
2287,4
2288,3
2289,3
2290,3
2291,3
2292,4
2293,3
2294,4
2295,4
2296,4
2297,0
2298,1
2299,4
2300,2
2301,1
2302,2
2303,4
2304,1
2305,1
2306,1
2307,0
2308,1
2309,2
2310,3
2311,3
2312,4
2313,1
2314,3
2315,0
2316,0
2317,1
2318,2
2319,0
2320,1
2321,2
2322,0
2323,3
2324,4
2325,1
2326,4
2327,4
2328,3
2329,1
2330,0
2331,3
2332,4
2333,1
2334,2
2335,1
2336,2
2337,4
2338,1
2339,3
2340,1
2341,3
2342,2
2343,2
2344,1
2345,1
2346,4
2347,4
2348,3
2349,2
2350,4
2351,2
2352,0
2353,0
2354,1
2355,2
2356,2
2357,0
2358,1
2359,2
2360,1
2361,4
2362,3
2363,2
2364,4
2365,1
2366,4
2367,1
2368,4
2369,2
2370,2
2371,4
2372,1
2373,3
2374,1
2375,2
2376,0
2377,2
2378,4
2379,1
2380,4
2381,1
2382,1
2383,2
2384,1
2385,2
2386,4
2387,2
2388,2
2389,2
2390,2
2391,0
2392,0
2393,2
2394,0
2395,0
2396,2
2397,0
2398,3
2399,0
2400,0
2401,1
2402,4
2403,1
2404,1
2405,3
2406,3
2407,3
2408,2
2409,3
2410,2
2411,1
2412,2
2413,3
2414,1
2415,0
2416,2
2417,2
2418,0
2419,3
2420,2
2421,3
2422,1
2423,0
2424,0
2425,3
2426,3
2427,1
2428,1
2429,0
2430,2
2431,2
2432,2
2433,1
2434,0
2435,4
2436,1
2437,1
2438,4
2439,0
2440,4
2441,2
2442,3
2443,4
2444,3
2445,0
2446,1
2447,4
2448,2
2449,0
2450,0
2451,1
2452,0
2453,2
2454,0
2455,0
2456,4
2457,0
2458,1
2459,1
2460,1
2461,3
2462,1
2463,3
2464,4
2465,2
2466,1
2467,0
2468,3
2469,2
2470,2
2471,2
2472,3
2473,4
2474,3
2475,2
2476,0
2477,2
2478,0
2479,2
2480,1
2481,3
2482,3
2483,4
2484,3
2485,0
2486,3
2487,4
2488,2
2489,1
2490,2
2491,2
2492,0
2493,3
2494,2
2495,0
2496,0
2497,0
2498,2
2499,4
2500,2
2501,1
2502,0
2503,4
2504,3
2505,0
2506,3
2507,2
2508,0
2509,1
2510,4
2511,0
2512,3
2513,3
2514,2
2515,3
2516,2
2517,0
2518,3
2519,4
2520,1
2521,4
2522,1
2523,4
2524,2
2525,0
2526,4
2527,2
2528,1
2529,4
2530,3
2531,4
2532,1
2533,1
2534,2
2535,2
2536,4
2537,1
2538,4
2539,2
2540,1
2541,0
2542,0
2543,3
2544,1
2545,1
2546,1
2547,3
2548,0
2549,2
2550,3
2551,2
2552,0
2553,2
2554,2
2555,3
2556,3
2557,0
2558,1
2559,3
2560,4
2561,3
2562,0
2563,4
2564,2
2565,2
2566,2
2567,3
2568,0
2569,4
2570,3
2571,0
2572,3
2573,3
2574,1
2575,0
2576,4
2577,0
2578,1
2579,2
2580,4
2581,3
2582,2
2583,2
2584,3
2585,4
2586,2
2587,3
2588,4
2589,2
