id,codigo,ausentes,encoding,normalizacao,reducao,balanceamento,eh_baseline,accuracy_media,accuracy_dp,f1_media,f1_dp,precision_media,precision_dp,recall_media,recall_dp,roc_auc_media,roc_auc_dp,average_precision_media,average_precision_dp,n_atributos,tempo_total_s,tempo_ajuste_medio_s,erro
1,mediana_moda|onehot|sem|sem|sem,mediana_moda,onehot,sem,sem,sem,1,0.8065637065637066,0.012761771336709228,0.5429685207230667,0.0346209574074824,0.6726547254062843,0.03553265949367616,0.4556899588960658,0.035737747203403995,0.8271660434588624,0.013974743808722032,0.5846542756840887,0.02259190483741323,76.2,0.8733896989999721,0.031621948800011526,
2,mediana_moda|onehot|sem|sem|subamostragem,mediana_moda,onehot,sem,sem,subamostragem,0,0.7405405405405405,0.03038931363110797,0.5878000345857892,0.03889305505018829,0.49188117997025227,0.038063783944970765,0.730980622431004,0.0413604444823259,0.8071849272841585,0.02937235958114473,0.5361531059916557,0.024926283550907955,76.2,0.759014741999863,0.031978839000021256,
3,mediana_moda|onehot|sem|sem|smote,mediana_moda,onehot,sem,sem,smote,0,0.7559845559845559,0.01270323079255764,0.6123685417089852,0.016463721697310783,0.5115076307510009,0.016335992551145616,0.7630416911332942,0.020330642856474956,0.8185323019002496,0.013322276072369126,0.5682413183997348,0.029692090846761877,76.2,0.9206879690000278,0.03837467000003016,
4,mediana_moda|onehot|sem|pca|sem,mediana_moda,onehot,sem,pca,sem,0,0.7787644787644787,0.011388325253863008,0.46420342221918903,0.012911843194427727,0.6002747138706044,0.04351959747526321,0.3792014092777451,0.009997777499386958,0.7507851916997124,0.012093371029571195,0.5015300236065526,0.023042241891835673,2.0,0.7476329309997709,0.05275197559994922,
5,mediana_moda|onehot|sem|pca|subamostragem,mediana_moda,onehot,sem,pca,subamostragem,0,0.6710424710424711,0.016186311827223587,0.5160158795204196,0.010107768457239055,0.41102721177454893,0.013562569744978529,0.6941867293012332,0.024757944682622407,0.7316735146631688,0.015095286461298204,0.4588135350805901,0.021864296884605,2.0,0.7305495430000519,0.04995816819996435,
6,mediana_moda|onehot|sem|pca|smote,mediana_moda,onehot,sem,pca,smote,0,0.7351351351351351,0.01576642238540187,0.5375686255893266,0.030260692136711526,0.4805635199263724,0.02543605631723866,0.6100411039342337,0.03807771983283001,0.7621440008126525,0.017209213597620978,0.5201971472565078,0.026026833996810796,2.0,0.7228456900002129,0.0497474334000799,
7,mediana_moda|onehot|sem|kbest|sem,mediana_moda,onehot,sem,kbest,sem,0,0.8200772200772202,0.006742953357750172,0.596651535310993,0.0199034582275058,0.6872435772746996,0.01623049102146878,0.5274926600117439,0.025649322780993043,0.813166358347663,0.006861873181265067,0.6057968345868251,0.007663289601632682,10.0,3.3853767429998243,0.565959407399987,
8,mediana_moda|onehot|sem|kbest|subamostragem,mediana_moda,onehot,sem,kbest,subamostragem,0,0.7656370656370657,0.027660798624837245,0.6187466341863274,0.033385374600621805,0.5272290552949684,0.041720358098496814,0.7508044627128596,0.031389192496486126,0.8116171037669855,0.015878039317350195,0.5865224335915549,0.02007220716991385,10.0,3.2970045229999414,0.550838491200011,
9,mediana_moda|onehot|sem|kbest|smote,mediana_moda,onehot,sem,kbest,smote,0,0.7698841698841699,0.011931688911476767,0.6115995288284486,0.01604980532122597,0.5332175008899146,0.018017955508303506,0.7171227246036407,0.01210880779099336,0.8085007332831872,0.0099873453402442,0.5727035728022853,0.023544555208097718,10.0,3.367631284000481,0.5639857912000934,
10,mediana_moda|onehot|padrao|sem|sem,mediana_moda,onehot,padrao,sem,sem,0,0.8328185328185327,0.008909637651902938,0.6393394898934913,0.02024667585478231,0.702528066772468,0.02399074522703128,0.5871638285378744,0.027342096844872273,0.8327618358136742,0.020143145418234518,0.631809707380212,0.006933201355733003,76.2,0.7416838189999453,0.03151799600000231,
11,mediana_moda|onehot|padrao|sem|subamostragem,mediana_moda,onehot,padrao,sem,subamostragem,0,0.7961389961389962,0.0050341331314306065,0.6500039264176223,0.016869648340745315,0.5735409912819194,0.006180505722843075,0.7508044627128597,0.038855197438646946,0.8358206504577577,0.015862133371509237,0.6294181540874833,0.010185902575467363,76.2,0.7174094150000201,0.031280374000061784,
12,mediana_moda|onehot|padrao|sem|smote,mediana_moda,onehot,padrao,sem,smote,0,0.7791505791505792,0.008804443437058964,0.6352247907401557,0.00964677184376758,0.5452485530977613,0.013134334528272356,0.7614679976512038,0.022499702653564144,0.8265735963429506,0.01785119951593115,0.599786478062662,0.022311819158648074,76.2,0.8441830200001732,0.036177093000014794,
13,mediana_moda|onehot|padrao|pca|sem,mediana_moda,onehot,padrao,pca,sem,0,0.8374517374517374,0.008121885701916057,0.6495067098045517,0.025521209224582567,0.712097124415706,0.012107206943763469,0.5978391074574281,0.03975720124435661,0.8299711763848588,0.01907873272791157,0.635949400025406,0.014754578393761774,59.2,2.1120451589999902,0.09463773559996298,
14,mediana_moda|onehot|padrao|pca|subamostragem,mediana_moda,onehot,padrao,pca,subamostragem,0,0.7903474903474904,0.004444349202015952,0.6473845358981138,0.0130738135435378,0.5626899325861687,0.006937710747743988,0.7630064591896653,0.03530917352626732,0.8345102074073928,0.015978435273461895,0.6323922266765127,0.014796666495761612,59.2,2.357992195000179,0.10748692140000457,
15,mediana_moda|onehot|padrao|pca|smote,mediana_moda,onehot,padrao,pca,smote,0,0.7776061776061776,0.01185334473591407,0.6363326071263486,0.01810253002055918,0.5421359286121922,0.01632403068305948,0.7706517909571344,0.029464476305807518,0.8253001129754788,0.017650753291485365,0.6018691946168001,0.022552112267232013,59.2,2.9836478039999292,0.19095916539995414,
16,mediana_moda|onehot|padrao|kbest|sem,mediana_moda,onehot,padrao,kbest,sem,0,0.8212355212355213,0.012102261018268346,0.6088794885042625,0.01637450577781571,0.6829127639841718,0.0422675784714768,0.5504756312389901,0.01590982235545831,0.8197958021485018,0.016154914897078303,0.6230677073383479,0.02916909759540363,10.0,3.578891845999351,0.5736452589999772,
17,mediana_moda|onehot|padrao|kbest|subamostragem,mediana_moda,onehot,padrao,kbest,subamostragem,0,0.7961389961389962,0.024518134545724355,0.6520781147104502,0.028100459091748357,0.5754236995225042,0.03975680109251355,0.7538578978273635,0.015926652844680332,0.8280090836279926,0.01738448162715313,0.6185156038342177,0.028368244086423158,10.0,3.564897619999556,0.5760641325999132,
18,mediana_moda|onehot|padrao|kbest|smote,mediana_moda,onehot,padrao,kbest,smote,0,0.7799227799227799,0.016829725650736156,0.618783002608391,0.02040116829146989,0.5510839783024439,0.02843177999385091,0.7064474456840869,0.020881776132080452,0.8074225514018952,0.016386754436561353,0.5746702085268496,0.01967756801012398,10.0,3.538631371000065,0.5672054696000032,
19,mediana_moda|onehot|minmax|sem|sem,mediana_moda,onehot,minmax,sem,sem,0,0.8324324324324325,0.010696444152274163,0.6396948562294507,0.02896305095877466,0.6990640211235376,0.019892043336685383,0.5902407516147974,0.03916319280538814,0.8321705323507983,0.01533575182089458,0.6383235995293968,0.01556107918440391,76.2,0.7311464819999856,0.029618815200046812,
20,mediana_moda|onehot|minmax|sem|subamostragem,mediana_moda,onehot,minmax,sem,subamostragem,0,0.7660231660231661,0.009594419799064982,0.6221609584698622,0.013898904252131387,0.5255303288867189,0.014145758198179986,0.7630416911332942,0.027621821335688954,0.8256382552593532,0.014202793107869439,0.6041548313317524,0.02303370274293833,76.2,0.7039880190000076,0.03166447779999544,
21,mediana_moda|onehot|minmax|sem|smote,mediana_moda,onehot,minmax,sem,smote,0,0.7212355212355211,0.01729927939553653,0.585775615874714,0.014529406334524056,0.46954040811719244,0.01968716379536711,0.7798825601879036,0.024962162884976144,0.8054728946057385,0.0027919440023947187,0.5586485671690072,0.019449276549244027,76.2,0.8994392379997862,0.04006667019998531,
22,mediana_moda|onehot|minmax|pca|sem,mediana_moda,onehot,minmax,pca,sem,0,0.8301158301158301,0.011339131394276744,0.6136806358535298,0.03076499167881402,0.7202126068897619,0.02906173962873801,0.5351967116852613,0.035898317432275256,0.823556149871896,0.015858596596461234,0.6287106564006117,0.024435532615454166,40.6,2.494869676999997,0.10482138840002335,
23,mediana_moda|onehot|minmax|pca|subamostragem,mediana_moda,onehot,minmax,pca,subamostragem,0,0.7563706563706564,0.01290696112003614,0.6069511156539882,0.014562923848130146,0.5126369199897235,0.018204795693727262,0.7446858485026424,0.024639281206745366,0.8145876718825067,0.014212058314280582,0.5846385143335766,0.019533358930526545,40.6,3.1253894789999777,0.10291161520003697,
24,mediana_moda|onehot|minmax|pca|smote,mediana_moda,onehot,minmax,pca,smote,0,0.7513513513513512,0.012688553455718166,0.6008105460302641,0.019946135448024253,0.5055882655103335,0.017752800628432243,0.741679389312977,0.04346991455297485,0.8097486279174728,0.0076534352670019085,0.5724764754872461,0.01964633609931671,40.6,3.008866639999951,0.20741254300005493,
25,mediana_moda|onehot|minmax|kbest|sem,mediana_moda,onehot,minmax,kbest,sem,0,0.8243243243243242,0.00874071924530637,0.6128639533857155,0.01262355835820272,0.6927054665764343,0.03516713172309776,0.5504991192014093,0.017791259433403525,0.8203253878053338,0.015454638698381491,0.6191967501264968,0.01655843977992042,10.0,3.5482134360001965,0.5728206852000313,
26,mediana_moda|onehot|minmax|kbest|subamostragem,mediana_moda,onehot,minmax,kbest,subamostragem,0,0.7934362934362934,0.024419132510952735,0.6415533264010586,0.028450803768087948,0.5735110488459765,0.04155004014296641,0.7293834409864944,0.010817825992632313,0.8246394148206827,0.01692487779624079,0.6166988978736505,0.025503511568014704,10.0,3.4236108339998736,0.5635029122000106,
27,mediana_moda|onehot|minmax|kbest|smote,mediana_moda,onehot,minmax,kbest,smote,0,0.7799227799227799,0.016662815156015476,0.6217417198041868,0.02264238622646339,0.5501178168214388,0.027760261986303367,0.7156429829712272,0.02552383499704859,0.8090365314650958,0.015823833427886413,0.5745398179381774,0.015468042709598487,10.0,3.551371128000028,0.5684182215999953,
28,mediana_moda|onehot|robusto|sem|sem,mediana_moda,onehot,robusto,sem,sem,0,0.8285714285714286,0.011039365602699434,0.6224238430737599,0.018849159650420434,0.7041169284969195,0.04399152975994321,0.5596946564885497,0.030735975538389634,0.8353682040710936,0.01414980259583153,0.631991553555747,0.02741799099278182,76.2,0.8290471070001786,0.04149293939999552,
29,mediana_moda|onehot|robusto|sem|subamostragem,mediana_moda,onehot,robusto,sem,subamostragem,0,0.7806949806949808,0.019188839598130003,0.6413681450004881,0.023053539711658626,0.5473898442020612,0.029543351788676408,0.7752789195537287,0.020028997576828255,0.8372948133549641,0.02037531084963889,0.6099276749218756,0.034386129382090035,76.2,0.8121916259995032,0.041407135999952514,
30,mediana_moda|onehot|robusto|sem|smote,mediana_moda,onehot,robusto,sem,smote,0,0.7521235521235521,0.013554818286905005,0.6129068160253889,0.014461284196105,0.5064836175171857,0.01740797586645339,0.776793893129771,0.023389193390561887,0.8140640329868252,0.012708175233553685,0.5686497586487634,0.03592193339427363,76.2,0.9231289500000912,0.05127734080001574,
31,mediana_moda|onehot|robusto|pca|sem,mediana_moda,onehot,robusto,pca,sem,0,0.818918918918919,0.009594419799064982,0.601187657302687,0.033703873516387706,0.6770082949069083,0.022097068922884374,0.542889019377569,0.052802740527604045,0.8264931738949997,0.011274317516075733,0.6244698984243513,0.014025711555439864,20.4,2.143985515000395,0.08953349520002121,
32,mediana_moda|onehot|robusto|pca|subamostragem,mediana_moda,onehot,robusto,pca,subamostragem,0,0.7776061776061776,0.016117089934163522,0.6356256061412543,0.020654972503529035,0.5428192282211377,0.024179596731557666,0.7676335877862596,0.02738320202109591,0.8319328866465859,0.017542809916999386,0.6021160794404633,0.022506615844428843,20.4,2.353955892000158,0.1059245663999718,
33,mediana_moda|onehot|robusto|pca|smote,mediana_moda,onehot,robusto,pca,smote,0,0.7640926640926641,0.014472328041692104,0.6237898020498017,0.01438353793783459,0.5229125064781931,0.021178511756066366,0.7737169700528479,0.013520224895285997,0.8175383390664978,0.00857448807721607,0.5725637922887576,0.01410726936375302,20.4,2.409540602000334,0.19198546740003622,
34,mediana_moda|onehot|robusto|kbest|sem,mediana_moda,onehot,robusto,kbest,sem,0,0.822007722007722,0.012614910619849078,0.6146974657822265,0.027175104734445715,0.6789473684210525,0.03522266351832327,0.5627715795654727,0.036084325881707,0.8239869389231167,0.016356798837665432,0.62483523355048,0.01949949422225152,10.0,3.4520944459995917,0.5587679351999213,
35,mediana_moda|onehot|robusto|kbest|subamostragem,mediana_moda,onehot,robusto,kbest,subamostragem,0,0.7872586872586873,0.02616524576923536,0.6356157143165824,0.03216696091073204,0.5626023279324722,0.043219385250906864,0.7324955960070464,0.031246869853292815,0.8229988602028092,0.01972155286071917,0.6001667777320729,0.026928285415339606,10.0,3.552549792999571,0.5860993339999823,
36,mediana_moda|onehot|robusto|kbest|smote,mediana_moda,onehot,robusto,kbest,smote,0,0.7776061776061776,0.017555895821451218,0.6227606360366076,0.022964648057136924,0.5456593360129367,0.02773920844987097,0.7263534938344098,0.029701489714730658,0.8114235238413314,0.01942735994640796,0.5803194508054434,0.027157680058272335,10.0,3.578738904000147,0.5741948924000099,
37,mediana_moda|alvo|sem|sem|sem,mediana_moda,alvo,sem,sem,sem,0,0.8065637065637066,0.012391356398363905,0.5317723204182786,0.033357066588002075,0.6851247090129502,0.04351710048029206,0.4357839107457428,0.037426734134243723,0.8213153225714741,0.017193326194193496,0.5778612128438358,0.02884435053429561,18.0,0.761573105999787,0.026160373399989112,
38,mediana_moda|alvo|sem|sem|subamostragem,mediana_moda,alvo,sem,sem,subamostragem,0,0.7447876447876448,0.027888905119353095,0.584081648922794,0.03500107467441601,0.49745357149852126,0.03650414656515766,0.7080211391661773,0.03366493691361222,0.7996391506209937,0.027197603337690203,0.5279091348996268,0.030061538019920505,18.0,0.6335326399996575,0.026958712599935097,
39,mediana_moda|alvo|sem|sem|smote,mediana_moda,alvo,sem,sem,smote,0,0.7633204633204633,0.013277026149845102,0.6089003041860016,0.02674847047984432,0.5223157209206669,0.017142245631990877,0.7309923664122138,0.051086898708239264,0.8173819023869902,0.015706340499282306,0.5692251338121381,0.032843260783852246,18.0,0.7550459229994431,0.030846209199944498,
40,mediana_moda|alvo|sem|pca|sem,mediana_moda,alvo,sem,pca,sem,0,0.7814671814671815,0.014978505591714892,0.4704728471019467,0.02262516828760423,0.6092465015340867,0.053585758072643326,0.3838167938931298,0.012289839265647702,0.7520982525403958,0.014242809645717296,0.5100689622427408,0.02453902554261582,2.0,0.6144000369999958,0.027812702599976546,
41,mediana_moda|alvo|sem|pca|subamostragem,mediana_moda,alvo,sem,pca,subamostragem,0,0.6702702702702703,0.013472082102214568,0.5148267601444354,0.011956207846881286,0.409895812341677,0.012774978210836944,0.6926717557251909,0.022949058490260934,0.7328090005419613,0.015427389677355338,0.4607336574377644,0.024233880470930377,2.0,0.6513092299999244,0.033978685400006724,
42,mediana_moda|alvo|sem|pca|smote,mediana_moda,alvo,sem,pca,smote,0,0.7382239382239383,0.01429093090603997,0.5465776503509445,0.02807974792547064,0.4856094639697256,0.02285095204987141,0.6253317674691721,0.0380522117445858,0.7625268922903856,0.013252469921090517,0.5252058494927512,0.0225073048154251,2.0,0.6438828560001184,0.03260131380002349,
43,mediana_moda|alvo|sem|kbest|sem,mediana_moda,alvo,sem,kbest,sem,0,0.8162162162162163,0.005694162626931504,0.5798850054927623,0.019951653407992445,0.6859396791327484,0.018134266975017316,0.5030651790957135,0.030345138490755753,0.8032615268611542,0.01223534209565901,0.5843371114021073,0.013174947736702108,10.0,1.3042292929997075,0.15489283959991554,
44,mediana_moda|alvo|sem|kbest|subamostragem,mediana_moda,alvo,sem,kbest,subamostragem,0,0.7698841698841699,0.023933552913312655,0.6088810546573324,0.032524999382364826,0.534862592697479,0.038888038687256515,0.7079624192601293,0.03197501351049188,0.8054091191627727,0.018497674269325862,0.5865190867313471,0.019139248544898273,10.0,1.3112010249999457,0.1552462860000105,
45,mediana_moda|alvo|sem|kbest|smote,mediana_moda,alvo,sem,kbest,smote,0,0.7675675675675675,0.017191225375207057,0.6041056696725513,0.014133173390482479,0.5322373207453068,0.029847061273827205,0.701937756899589,0.04213864180415679,0.7973633157276855,0.016492920345308186,0.5554389212613275,0.017820659268230975,10.0,1.328835447999836,0.1520966717999727,
46,mediana_moda|alvo|padrao|sem|sem,mediana_moda,alvo,padrao,sem,sem,0,0.8409266409266409,0.011711004546797738,0.6586512379767512,0.025309226233191838,0.7210729136165414,0.042472395108855227,0.6086083382266587,0.04143773529727971,0.8351370519854106,0.0094549038643711,0.6480574407732778,0.016843108436461047,18.0,0.6523284890004106,0.02626253700000234,
47,mediana_moda|alvo|padrao|sem|subamostragem,mediana_moda,alvo,padrao,sem,subamostragem,0,0.7961389961389962,0.01782972955833024,0.6495255605774637,0.02725574101058894,0.5745347099067524,0.0279074039447027,0.7477510275983559,0.034616278600713736,0.8480213232769138,0.01735290447510257,0.6487118647132324,0.026161296849779702,18.0,0.6653374970001096,0.027811993600016648,
48,mediana_moda|alvo|padrao|sem|smote,mediana_moda,alvo,padrao,sem,smote,0,0.777992277992278,0.007722007722007707,0.6320807307231627,0.008021745985293859,0.5439177467712061,0.01276232643320646,0.7553493834409865,0.027001887658759233,0.8241989468161959,0.0082127094627297,0.5960936001539915,0.017124445178637104,18.0,0.7060802239996065,0.03268017559994405,
49,mediana_moda|alvo|padrao|pca|sem,mediana_moda,alvo,padrao,pca,sem,0,0.8409266409266408,0.010269834809475182,0.6608840491993335,0.02274874833077318,0.7175213513597274,0.03721035358954805,0.6147269524368761,0.04006476014694648,0.8412070364417404,0.014508058190680025,0.6513365262730197,0.01607323123769244,12.0,0.8420151619993703,0.02887896259999252,
50,mediana_moda|alvo|padrao|pca|subamostragem,mediana_moda,alvo,padrao,pca,subamostragem,0,0.7942084942084943,0.015176250198481503,0.6519878260855055,0.02142481664538537,0.5695962071673565,0.02392434527624525,0.7630299471520845,0.029253877668250772,0.8528465688696087,0.015924094363271843,0.6523427473302361,0.024932364281750122,12.0,0.845249550000517,0.03227281780009435,
51,mediana_moda|alvo|padrao|pca|smote,mediana_moda,alvo,padrao,pca,smote,0,0.7760617760617761,0.016323875024409004,0.6283763059665916,0.01562860518448923,0.5423427724457759,0.025882240999704438,0.7492660011743981,0.035302825546270865,0.8306508109233259,0.007903086174904882,0.6051139894819296,0.0190468119871644,12.0,0.9664025849995141,0.04347633959996529,
52,mediana_moda|alvo|padrao|kbest|sem,mediana_moda,alvo,padrao,kbest,sem,0,0.8432432432432432,0.009691042778386956,0.6677613070376125,0.018742768949800943,0.7190474238747896,0.027705555822161065,0.6238520258367586,0.022503839960695184,0.8294299383720203,0.010072471822936621,0.6478883673729776,0.02193418722525999,10.0,1.5147194750004473,0.15538634000008641,
53,mediana_moda|alvo|padrao|kbest|subamostragem,mediana_moda,alvo,padrao,kbest,subamostragem,0,0.8038610038610038,0.015359323769047195,0.657122923613454,0.016162942018553013,0.5898663130393885,0.030247545263675676,0.743112155020552,0.015950341338923868,0.8358120527835627,0.007683710957679732,0.6379954369789735,0.023502690395072072,10.0,1.3395555629999762,0.1481545446000382,
54,mediana_moda|alvo|padrao|kbest|smote,mediana_moda,alvo,padrao,kbest,smote,0,0.777992277992278,0.016323875024409004,0.6262902529624261,0.012269467739450217,0.5465178802747828,0.029839998531686403,0.7354785672342924,0.019810916298217556,0.8163616475780436,0.01830214969818201,0.5968948354531217,0.03505460832854781,10.0,1.5699023360002684,0.16251355840008727,
55,mediana_moda|alvo|minmax|sem|sem,mediana_moda,alvo,minmax,sem,sem,0,0.8386100386100386,0.011140183819500757,0.6448510876868376,0.02910871668588888,0.7252345977079846,0.02688628565511314,0.5810569583088666,0.03486997460387942,0.8475281347641163,0.014142106547335253,0.648645953324789,0.02610814416877194,18.0,0.6791392769996492,0.02628116819992101,
56,mediana_moda|alvo|minmax|sem|subamostragem,mediana_moda,alvo,minmax,sem,subamostragem,0,0.7969111969111968,0.008992907103360726,0.6475440069256797,0.011359809277859886,0.5766997027140325,0.016049054317025788,0.7385320023487962,0.011290297308324149,0.8460465143262164,0.013334484760137396,0.6408520163495366,0.021962440124094693,18.0,0.6437094960003833,0.02876649500003623,
57,mediana_moda|alvo|minmax|sem|smote,mediana_moda,alvo,minmax,sem,smote,0,0.7853281853281853,0.01185334473591407,0.641934325858227,0.011313139175973532,0.5552585258252103,0.01947853958724928,0.7614679976512038,0.013628737131549683,0.8386224517146129,0.012764474057070591,0.6124695773105098,0.03308817379410422,18.0,0.6919727029994647,0.03127341079994039,
58,mediana_moda|alvo|minmax|pca|sem,mediana_moda,alvo,minmax,pca,sem,0,0.8389961389961389,0.008590191297794187,0.6537136637666,0.02180168150612629,0.7155654170528716,0.023952032038214343,0.6024544920728128,0.03037614282566416,0.8501451388187915,0.01043066230793988,0.6424260804695268,0.02118516017249336,8.8,0.7221866769996268,0.03148107239994715,
59,mediana_moda|alvo|minmax|pca|subamostragem,mediana_moda,alvo,minmax,pca,subamostragem,0,0.7907335907335907,0.009516415091788582,0.645708639515758,0.01451903518172685,0.5642497721227003,0.015044139028701487,0.7553728714034058,0.02781799384965633,0.8433241307685535,0.016980822358627756,0.6271357035169369,0.01767814285573676,8.8,0.7100577360001807,0.031201305000013235,
60,mediana_moda|alvo|minmax|pca|smote,mediana_moda,alvo,minmax,pca,smote,0,0.7884169884169884,0.010886387783684677,0.6424751069988459,0.008848393261071322,0.5611911403504264,0.02031880048582635,0.752319436288902,0.015331406509544945,0.8424238040431687,0.011450491505229326,0.6242183001276566,0.0259516784936873,8.8,0.7205694670001321,0.03469591340003717,
61,mediana_moda|alvo|minmax|kbest|sem,mediana_moda,alvo,minmax,kbest,sem,0,0.8451737451737451,0.00800634801286783,0.6638703623971858,0.01295064159995726,0.7366368982208953,0.034473667587957536,0.6055314151497357,0.024544583578025345,0.8342217037322875,0.0037155833953161077,0.6517155633861358,0.017979593020517586,10.0,1.409952958000531,0.15232258760001968,
62,mediana_moda|alvo|minmax|kbest|subamostragem,mediana_moda,alvo,minmax,kbest,subamostragem,0,0.8061776061776064,0.013894250359418228,0.6545045853263567,0.017578945670994463,0.5963558457724549,0.028731385804835634,0.7262830299471521,0.01852143496244481,0.8376074005758614,0.008959033398904468,0.6441182802662102,0.014320300462294003,10.0,1.312433528999918,0.15008426259996668,
63,mediana_moda|alvo|minmax|kbest|smote,mediana_moda,alvo,minmax,kbest,smote,0,0.793050193050193,0.018587034597545814,0.6469623703340546,0.020177940799789774,0.5702063979093872,0.03451536157300241,0.7492542571931884,0.015260986143183873,0.8285640723821428,0.011095555012574036,0.6131975996902856,0.029868483333938295,10.0,1.4047523720003028,0.15782519320005123,
64,mediana_moda|alvo|robusto|sem|sem,mediana_moda,alvo,robusto,sem,sem,0,0.8297297297297298,0.004806911041694482,0.6318652487991169,0.0140612359216362,0.6970437277538334,0.026294282971681536,0.5795184967704052,0.03312204554106509,0.8356801463178236,0.013153794613471022,0.6362213131104866,0.01807275564007425,18.0,0.6998709889999191,0.02872241759996541,
65,mediana_moda|alvo|robusto|sem|subamostragem,mediana_moda,alvo,robusto,sem,subamostragem,0,0.8015444015444017,0.008992907103360747,0.6565151938705284,0.011505729873389367,0.5834942727283865,0.01693386536373498,0.7507809747504404,0.011116253611674289,0.8420411271788009,0.011521248984477048,0.6257063279509338,0.02033015842781241,18.0,0.6465222270003324,0.029968527800065203,
66,mediana_moda|alvo|robusto|sem|smote,mediana_moda,alvo,robusto,sem,smote,0,0.7706563706563707,0.010068266262861215,0.6269534637086019,0.008027921414549536,0.5326134541659504,0.016218510427688706,0.762982971227246,0.02243183416700565,0.8228318598373878,0.010014793716919983,0.5899062835667661,0.025775415116791007,18.0,0.768312223999601,0.03345400659991356,
67,mediana_moda|alvo|robusto|pca|sem,mediana_moda,alvo,robusto,pca,sem,0,0.8343629343629342,0.008568471436745986,0.642071709888424,0.02694375861871647,0.7071370552809546,0.025207391658684093,0.5902877275396359,0.04865959571151246,0.8346504319007938,0.010522379268138395,0.6361104165523574,0.022571488892040244,9.6,0.8414231199997175,0.03570862699998543,
68,mediana_moda|alvo|robusto|pca|subamostragem,mediana_moda,alvo,robusto,pca,subamostragem,0,0.7926640926640928,0.015837177067176605,0.6430582243315104,0.017348731178000208,0.5704264555669051,0.031086749140351304,0.7385554903112155,0.021511755279352913,0.8345406270530127,0.017534177901329103,0.6160393816919341,0.024280020557885675,9.6,0.7563416240002425,0.0351328996000575,
69,mediana_moda|alvo|robusto|pca|smote,mediana_moda,alvo,robusto,pca,smote,0,0.7853281853281854,0.012688553455718109,0.6407385512641746,0.01977296045973312,0.5552465094521912,0.01913633677045133,0.7584028185554903,0.03609754823131652,0.8241761564645309,0.0067689929266344095,0.5929247302161736,0.015654177483731914,9.6,0.84222544499994,0.03876639460004298,
70,mediana_moda|alvo|robusto|kbest|sem,mediana_moda,alvo,robusto,kbest,sem,0,0.8347490347490348,0.010086757125569966,0.6495560987085728,0.022500857109221225,0.6997327536213402,0.026396598709981043,0.6070346447445684,0.032612773619012325,0.8298132466407964,0.011516748101057357,0.6324902801214923,0.03238897264307985,10.0,1.373785517999977,0.149782401199991,
71,mediana_moda|alvo|robusto|kbest|subamostragem,mediana_moda,alvo,robusto,kbest,subamostragem,0,0.7907335907335907,0.0198569743175657,0.6434434101017258,0.023280438722768075,0.5664602243383168,0.03470776014035266,0.7461303581914269,0.01909460835391941,0.8344002186835107,0.010312386038456942,0.6199831098817755,0.029824884510647413,10.0,1.4135860129997582,0.16101028200000655,
72,mediana_moda|alvo|robusto|kbest|smote,mediana_moda,alvo,robusto,kbest,smote,0,0.7702702702702703,0.03157418384902728,0.622533240892374,0.03424964021215467,0.5352008751199288,0.04722865209446544,0.7462008220786848,0.0106571695596977,0.8182313791190925,0.01692486788964313,0.5879761481038314,0.03491610997583777,10.0,1.5548811780004144,0.15703203319999376,
73,mediana_indicadora|onehot|sem|sem|sem,mediana_indicadora,onehot,sem,sem,sem,0,0.8057915057915057,0.01255568536023871,0.5391307736624584,0.03866314890202601,0.6717651851740122,0.03463817634510237,0.45109806224310045,0.04319104360203064,0.82570853171187,0.01298334491405002,0.5829774263165337,0.022206829422109647,84.2,0.7975163059995793,0.02873834719994193,
74,mediana_indicadora|onehot|sem|sem|subamostragem,mediana_indicadora,onehot,sem,sem,subamostragem,0,0.7378378378378379,0.025259347079221804,0.5830947502591817,0.03112293097279866,0.48805251176672676,0.0312937740299707,0.7248385202583676,0.03311459109373894,0.8035647638532655,0.02651364170237298,0.5371117688651708,0.02141177828781563,84.2,0.8478393840002809,0.03638190360002227,
75,mediana_indicadora|onehot|sem|sem|smote,mediana_indicadora,onehot,sem,sem,smote,0,0.7494208494208495,0.012240052111310731,0.6045818061297725,0.013659053364768099,0.5029809738705193,0.01645173372275404,0.7584263065179095,0.02429116965474357,0.8178611985167838,0.011313970021770337,0.5681838248757388,0.02459903360884092,84.2,0.9091500910001287,0.038731637799992315,
76,mediana_indicadora|onehot|sem|pca|sem,mediana_indicadora,onehot,sem,pca,sem,0,0.7814671814671814,0.012086853932431271,0.46528753858570315,0.011422665753401486,0.6126351908066608,0.050272343048824567,0.3761362301820317,0.009367030627944714,0.7500449448799517,0.015729787898880042,0.5032210568389262,0.023023968899602322,2.0,0.7681838429998606,0.052717525800017026,
77,mediana_indicadora|onehot|sem|pca|subamostragem,mediana_indicadora,onehot,sem,pca,subamostragem,0,0.6702702702702703,0.01674091381365155,0.51544551375753,0.010906994329789565,0.41030443759804636,0.014178618702936697,0.6941867293012332,0.024757944682622407,0.7312970680388657,0.015142305521250163,0.45929005889785024,0.023581809140263484,2.0,0.8401188479999746,0.058017071199992644,
78,mediana_indicadora|onehot|sem|pca|smote,mediana_indicadora,onehot,sem,pca,smote,0,0.7359073359073359,0.01755589582145123,0.5389519616188141,0.031841996106496746,0.4819162189282221,0.027747082510452756,0.6115795654726952,0.039957383816205005,0.7617692627266,0.01650641354864336,0.523908164270098,0.02682206387700173,2.0,0.8415386169992871,0.05844547699989562,
79,mediana_indicadora|onehot|sem|kbest|sem,mediana_indicadora,onehot,sem,kbest,sem,0,0.827027027027027,0.015114732919740035,0.6120011856284032,0.03745280654500857,0.7056558675430644,0.035536398709221914,0.5413975337639461,0.0458692304155897,0.8143062873253429,0.01310568105205236,0.6102151944427018,0.023682031139948927,10.0,3.677233638999951,0.6231277778000276,
80,mediana_indicadora|onehot|sem|kbest|subamostragem,mediana_indicadora,onehot,sem,kbest,subamostragem,0,0.7722007722007722,0.02668006749244256,0.623971454745345,0.030831258583064,0.5373160175911332,0.040602633218550434,0.7462008220786848,0.030485710388501366,0.8130368151708248,0.01793768313994809,0.5907466366331697,0.02148360558958622,10.0,3.60255106600016,0.6168476091999764,
81,mediana_indicadora|onehot|sem|kbest|smote,mediana_indicadora,onehot,sem,kbest,smote,0,0.7756756756756756,0.02257119212828419,0.614655192296997,0.024813373646248197,0.544698042550757,0.03587028743079002,0.7064357017028773,0.009706881797647744,0.8118211722951603,0.012627437076663918,0.5814191537649553,0.008016787951924726,10.0,3.7929067730001407,0.6444760374000452,
82,mediana_indicadora|onehot|padrao|sem|sem,mediana_indicadora,onehot,padrao,sem,sem,0,0.8332046332046332,0.00755119969714591,0.6423210477551355,0.014859419551535549,0.7013284985762117,0.026661870930372984,0.5932472108044627,0.02304859163433626,0.8330609755597769,0.01873492053805076,0.6325040098022123,0.007139173379646809,84.2,0.8034867230005602,0.03578123360007339,
83,mediana_indicadora|onehot|padrao|sem|subamostragem,mediana_indicadora,onehot,padrao,sem,subamostragem,0,0.7945945945945946,0.0060434269662156355,0.6483590943894095,0.016358707603845092,0.5708551432840092,0.006829747627169843,0.7508162066940692,0.0356529359116354,0.8368413746552283,0.013236647661653016,0.6276349052815614,0.010516639240595769,84.2,0.7395062309999503,0.03507997399997294,
84,mediana_indicadora|onehot|padrao|sem|smote,mediana_indicadora,onehot,padrao,sem,smote,0,0.7687258687258687,0.023698827860114152,0.6255298376533303,0.024181868129596745,0.5309944021533684,0.03330479194377758,0.762982971227246,0.025472854969994425,0.8248663780351542,0.01629714077672253,0.5974430074648132,0.019424625115000566,84.2,0.840092369000331,0.04029727420006566,
85,mediana_indicadora|onehot|padrao|pca|sem,mediana_indicadora,onehot,padrao,pca,sem,0,0.8320463320463322,0.005286897273215878,0.642210909967344,0.016180874617394533,0.6955487117714402,0.02160468219239295,0.5978508514386377,0.034910443470231034,0.8272021006941195,0.02176599670409259,0.6259017442808601,0.006664610970688306,61.2,2.926350212000216,0.08718102780003392,
86,mediana_indicadora|onehot|padrao|pca|subamostragem,mediana_indicadora,onehot,padrao,pca,subamostragem,0,0.7849420849420848,0.011711004546797738,0.639896842661945,0.019018708229870663,0.5545003352561341,0.016524423178682014,0.7569230769230769,0.031288443365926843,0.8334019520071019,0.015310159500623036,0.6229191401308629,0.014867862384331337,61.2,2.2129687700000886,0.1166851202000089,
87,mediana_indicadora|onehot|padrao|pca|smote,mediana_indicadora,onehot,padrao,pca,smote,0,0.7664092664092663,0.020566868487125977,0.6171174704349045,0.024597475517094656,0.5276980116918064,0.028742714100497852,0.7446741045214328,0.03500249221933582,0.8203670430159171,0.019799448171956033,0.5966998763967424,0.026456858639796924,61.2,3.328751345000228,0.1854538204000164,
88,mediana_indicadora|onehot|padrao|kbest|sem,mediana_indicadora,onehot,padrao,kbest,sem,0,0.8274131274131273,0.006906773675675012,0.6269610851755527,0.01519416426454107,0.6917651056456331,0.031647658863590195,0.574950088079859,0.031753562209394036,0.8241553513255981,0.00971209879067511,0.6247517663929888,0.02185701360419843,10.0,3.915185504999954,0.6283198365999851,
89,mediana_indicadora|onehot|padrao|kbest|subamostragem,mediana_indicadora,onehot,padrao,kbest,subamostragem,0,0.7988416988416989,0.015942720325917065,0.6511673119773778,0.022110781906331,0.5802012616875051,0.026479922579404156,0.7432061068702289,0.03417938398523538,0.8283722045533791,0.0179146050088402,0.6196938306113118,0.032887788796900325,10.0,3.885183295000161,0.6381006978000642,
90,mediana_indicadora|onehot|padrao|kbest|smote,mediana_indicadora,onehot,padrao,kbest,smote,0,0.7787644787644787,0.014225585657869114,0.6215049358097293,0.013105290271753684,0.5483555872782414,0.02426246251387879,0.7186846741045214,0.023338721403336385,0.8123160051733708,0.008841556929012164,0.5741115662630064,0.024155101003135847,10.0,3.897875247000229,0.6187840654000866,
91,mediana_indicadora|onehot|minmax|sem|sem,mediana_indicadora,onehot,minmax,sem,sem,0,0.8247104247104247,0.003713394606500252,0.6240178868649929,0.012016966807707004,0.6807469279892377,0.010247099879026967,0.5764650616559014,0.022312729841923954,0.8226089439306472,0.024371104749105883,0.6172481354232944,0.0259249923875952,84.2,0.738807104999978,0.028812305399969772,
92,mediana_indicadora|onehot|minmax|sem|subamostragem,mediana_indicadora,onehot,minmax,sem,subamostragem,0,0.754054054054054,0.017933936930492042,0.610851960105135,0.02862697675079603,0.5086140367468323,0.022644909859647205,0.7646153846153846,0.03930835247017263,0.8177660448244415,0.018095462927464032,0.5843988821254594,0.02774368830984882,84.2,0.7256678050000573,0.03377046600003268,
93,mediana_indicadora|onehot|minmax|sem|smote,mediana_indicadora,onehot,minmax,sem,smote,0,0.7235521235521236,0.017126065726808363,0.5869395050317788,0.026227338012184465,0.4713554137728555,0.020188434114029978,0.7783440986494421,0.04583032053346133,0.8039766043979754,0.02066569829905618,0.5608532622942115,0.024729698585868272,84.2,0.8105919630002063,0.03673493020000933,
94,mediana_indicadora|onehot|minmax|pca|sem,mediana_indicadora,onehot,minmax,pca,sem,0,0.8185328185328187,0.014510903840128306,0.5906597402450114,0.029759154031631742,0.6874131424164102,0.04278276944489661,0.518379330593071,0.02840914932958545,0.8087422247040413,0.02041186394715317,0.5962519171253848,0.03181660672049868,41.2,2.748216626000385,0.09485227260006468,
95,mediana_indicadora|onehot|minmax|pca|subamostragem,mediana_indicadora,onehot,minmax,pca,subamostragem,0,0.7471042471042472,0.017212890444138054,0.603391345693967,0.02260557020726305,0.4999048660341675,0.021411646653359633,0.7615267175572519,0.03164764343339398,0.8116685901702354,0.01979230002679883,0.5713807355459537,0.02060993310535326,41.2,2.2241692940001485,0.10675508560002527,
96,mediana_indicadora|onehot|minmax|pca|smote,mediana_indicadora,onehot,minmax,pca,smote,0,0.7370656370656371,0.0188360014172208,0.5906991839522401,0.03304815572082952,0.48637601929059215,0.023280229019949576,0.7524133881385789,0.05393751162758957,0.7991999075707789,0.020564320238329287,0.5619733681219566,0.023843450707399017,41.2,2.5832047430005787,0.18362082720004763,
97,mediana_indicadora|onehot|minmax|kbest|sem,mediana_indicadora,onehot,minmax,kbest,sem,0,0.822007722007722,0.005356925453865475,0.606979468733478,0.02370834596014555,0.6863842182953921,0.019422695964258548,0.5459189665296535,0.04209218005803777,0.8245046171359356,0.012887466442480566,0.6208030908259845,0.03107870922974535,10.0,3.7889687379997667,0.621976102599956,
98,mediana_indicadora|onehot|minmax|kbest|subamostragem,mediana_indicadora,onehot,minmax,kbest,subamostragem,0,0.7988416988416989,0.018786472008807523,0.646476609143493,0.028030008611391193,0.5821477247217701,0.031369874519941256,0.7278802113916618,0.035199789594472126,0.8273035050398241,0.020720407581108154,0.613815367445366,0.03727351205741302,10.0,3.5939052830003675,0.5970316452000588,
99,mediana_indicadora|onehot|minmax|kbest|smote,mediana_indicadora,onehot,minmax,kbest,smote,0,0.7783783783783783,0.017819275303805875,0.6212553873469622,0.019735123006527928,0.5478995753007323,0.030056736551818952,0.7187081620669407,0.021754183837760076,0.8133241553661857,0.006678803132020084,0.5778014329288839,0.024232117739656504,10.0,3.9886254559996814,0.6309019289999469,
100,mediana_indicadora|onehot|robusto|sem|sem,mediana_indicadora,onehot,robusto,sem,sem,0,0.827027027027027,0.011388325253863008,0.6235695217501569,0.018673215967384485,0.6946353892223391,0.04000223850818064,0.5673165002935996,0.02815065612009928,0.837998982839018,0.01578285841002139,0.631803929345397,0.02948135468443171,84.2,0.7685902279999937,0.03780233259999477,
101,mediana_indicadora|onehot|robusto|sem|subamostragem,mediana_indicadora,onehot,robusto,sem,subamostragem,0,0.7772200772200772,0.019620966713933416,0.6390358335738456,0.02579337599883357,0.5414764593359956,0.028072247172558157,0.7798473282442748,0.020804853015093924,0.8350870273228624,0.017534926313326576,0.6071663596676451,0.031089354241559987,84.2,0.7688835539997854,0.04196353159995851,
102,mediana_indicadora|onehot|robusto|sem|smote,mediana_indicadora,onehot,robusto,sem,smote,0,0.7474903474903476,0.012761771336709232,0.6111810061861362,0.01845156699548285,0.5001113457453662,0.015573930651504525,0.7859776864357017,0.028190154253822295,0.821078819034272,0.013770496596069938,0.573577267936334,0.032166987158293386,84.2,0.9154370560004281,0.05173710040003243,
103,mediana_indicadora|onehot|robusto|pca|sem,mediana_indicadora,onehot,robusto,pca,sem,0,0.8181467181467182,0.011853344735914106,0.5998154071909501,0.031812706625111264,0.6760238708178717,0.0329576014921566,0.5413740458015267,0.04823799360018902,0.829780977167187,0.009413886414466475,0.6161122518836631,0.02095393268511118,22.4,2.7885650510004325,0.10172637220007345,
104,mediana_indicadora|onehot|robusto|pca|subamostragem,mediana_indicadora,onehot,robusto,pca,subamostragem,0,0.7714285714285715,0.017566506820196608,0.6297679007424386,0.021588192023215456,0.5336557470989736,0.02534539633247462,0.7691603053435114,0.027826495488547858,0.8295833263138184,0.018630391888741417,0.6035713145525307,0.028681017432172794,22.4,2.7437941680002496,0.11147261260002779,
105,mediana_indicadora|onehot|robusto|pca|smote,mediana_indicadora,onehot,robusto,pca,smote,0,0.761003861003861,0.017126065726808408,0.621247871639208,0.017833575174134916,0.5186182671923868,0.022431610158035485,0.7752201996476806,0.014033934699978512,0.8176046980038782,0.010646408066302458,0.5665002846132714,0.02134845370786741,22.4,3.012533855000129,0.16798502660003578,
106,mediana_indicadora|onehot|robusto|kbest|sem,mediana_indicadora,onehot,robusto,kbest,sem,0,0.8250965250965251,0.00556172212003394,0.6218593679760538,0.02780907196215808,0.6842291871121107,0.007875604649532852,0.5719318849089842,0.05113691381580092,0.8217524846385243,0.013620986050573916,0.629675294131585,0.028584797898034992,10.0,3.9067179139995005,0.6408676457999718,
107,mediana_indicadora|onehot|robusto|kbest|subamostragem,mediana_indicadora,onehot,robusto,kbest,subamostragem,0,0.7837837837837838,0.02083690458004137,0.6306939716456624,0.02195552361552991,0.5566386909747385,0.035069756067890645,0.7294069289489137,0.021974601933751326,0.8212202980460314,0.014815378203932281,0.6073017705124185,0.03340218497551696,10.0,3.72493101699979,0.6207315447999917,
108,mediana_indicadora|onehot|robusto|kbest|smote,mediana_indicadora,onehot,robusto,kbest,smote,0,0.777992277992278,0.018964172494583455,0.6228432667753988,0.019723393015985375,0.5473037952928431,0.03222682997367251,0.7248385202583676,0.030360519689786973,0.8133749722367423,0.011064106332535876,0.5800242753480542,0.024905592069860098,10.0,3.9096052150002834,0.6335392510000475,
109,mediana_indicadora|alvo|sem|sem|sem,mediana_indicadora,alvo,sem,sem,sem,0,0.8027027027027026,0.009197783204302415,0.5177457136555759,0.030453822740220314,0.6766554205516065,0.03210180830559272,0.4204580152671755,0.03734377360047299,0.8158134761222374,0.014550290789508398,0.5696507402717768,0.026047890004551186,25.0,0.7211496189997888,0.027047832600010223,
110,mediana_indicadora|alvo|sem|sem|subamostragem,mediana_indicadora,alvo,sem,sem,subamostragem,0,0.7459459459459459,0.029581438315641622,0.5862351164458368,0.03907283369570132,0.49892197237078023,0.038788522078313216,0.7110745742806811,0.03778299946561826,0.7998529648953696,0.02770619096826134,0.527537032147338,0.029574668607813243,25.0,0.677952656999878,0.03062277180001729,
111,mediana_indicadora|alvo|sem|sem|smote,mediana_indicadora,alvo,sem,sem,smote,0,0.7606177606177605,0.012436388732360165,0.6053462251810734,0.022895780696150083,0.5185906319204582,0.016181986727305076,0.7279154433352906,0.04351199716279411,0.8149493562123069,0.01300697467474539,0.569291472686452,0.026764937750768335,25.0,0.7981185719997939,0.03162234499995975,
112,mediana_indicadora|alvo|sem|pca|sem,mediana_indicadora,alvo,sem,pca,sem,0,0.7826254826254827,0.015954404255903012,0.47090459672615975,0.022066857557113694,0.6154701134741347,0.061933826865056316,0.38227833235466824,0.01003151874299419,0.7531916546075699,0.014178349867857565,0.5085019330569602,0.02690393240523547,2.0,0.6414026760000979,0.02922470999997131,
113,mediana_indicadora|alvo|sem|pca|subamostragem,mediana_indicadora,alvo,sem,pca,subamostragem,0,0.6702702702702702,0.01347208210221457,0.5136683033734136,0.011682080774982324,0.40957837499496985,0.012049388512073798,0.6896065766294773,0.027762160528133326,0.7324915581629515,0.015544351392007816,0.4601793025026132,0.02519605011437414,2.0,0.6103532420002011,0.029699316200048998,
114,mediana_indicadora|alvo|sem|pca|smote,mediana_indicadora,alvo,sem,pca,smote,0,0.7413127413127413,0.014765500521986857,0.5495858233501498,0.026949051997906072,0.49044815706095585,0.023401730678531765,0.6253317674691721,0.0360872784015152,0.7676251541614572,0.012399965549485978,0.531318182302883,0.021302013138743543,2.0,0.6734444070000336,0.033010983600024704,
115,mediana_indicadora|alvo|sem|kbest|sem,mediana_indicadora,alvo,sem,kbest,sem,0,0.8166023166023166,0.005460284024606534,0.5817244209368478,0.02247271402860288,0.6857901552112179,0.015909032232939883,0.5061303581914268,0.03494756042798492,0.8042683250054118,0.013067887927549315,0.5915556200452953,0.017593021602164083,10.0,1.5691261990000385,0.20399467799998092,
116,mediana_indicadora|alvo|sem|kbest|subamostragem,mediana_indicadora,alvo,sem,kbest,subamostragem,0,0.7694980694980694,0.022907176794117867,0.6103917076999763,0.03299137639998642,0.5335366541018715,0.03655448448917945,0.7140692894891368,0.0347804204599305,0.8064233677695494,0.019691964893325784,0.5903476661402206,0.019258869555112187,10.0,1.4806111760001386,0.1962711736000074,
117,mediana_indicadora|alvo|sem|kbest|smote,mediana_indicadora,alvo,sem,kbest,smote,0,0.7652509652509651,0.03048115220140717,0.6026988850557954,0.02591211692360331,0.5305028313934916,0.04478126947330665,0.7018907809747504,0.030875795437016025,0.7990738674643902,0.01793429491694083,0.5607995369784049,0.010599607017833043,10.0,1.676684215000023,0.21943175740002516,
118,mediana_indicadora|alvo|padrao|sem|sem,mediana_indicadora,alvo,padrao,sem,sem,0,0.8397683397683398,0.004921833507328933,0.6562565793515818,0.018306007191701324,0.7166190240043451,0.02158215043542162,0.607046388725778,0.03934102240553358,0.8350974490933423,0.010565578261677519,0.6473662192618518,0.02123523635796187,25.0,0.7471126369998728,0.02957431419999921,
119,mediana_indicadora|alvo|padrao|sem|subamostragem,mediana_indicadora,alvo,padrao,sem,subamostragem,0,0.805019305019305,0.01302194745485721,0.6627824031689192,0.017907317880105796,0.588940535371114,0.02168575877673907,0.7584028185554903,0.02272367806254205,0.8456143076066812,0.016053538073748718,0.6459356217762677,0.010402765508388716,25.0,0.911980493000101,0.03456064880001577,
120,mediana_indicadora|alvo|padrao|sem|smote,mediana_indicadora,alvo,padrao,sem,smote,0,0.7722007722007722,0.01392104739561383,0.6234657317763264,0.008999272141604122,0.5363540583715956,0.023099312166707315,0.7461538461538462,0.0234747467224386,0.8247628140642519,0.008869081754235212,0.6017270625079015,0.021020416601065683,25.0,0.7549564759999612,0.03282863619997443,
121,mediana_indicadora|alvo|padrao|pca|sem,mediana_indicadora,alvo,padrao,pca,sem,0,0.8382239382239381,0.003453386837837506,0.6480026597223933,0.011363188047231583,0.7195855706532341,0.016683154588704327,0.5902407516147974,0.02568425068702694,0.836783288812792,0.00998581003120965,0.6478822693783766,0.021379553884663775,14.0,1.0649125070001446,0.031375763400001234,
122,mediana_indicadora|alvo|padrao|pca|subamostragem,mediana_indicadora,alvo,padrao,pca,subamostragem,0,0.7980694980694981,0.01618631182722363,0.6549847098326558,0.022638705173302204,0.5766723325283325,0.025201118152905624,0.7584263065179095,0.024291169654743577,0.8470623381591151,0.015979190594311552,0.6541163978203433,0.009086976148166002,14.0,0.9452287730002809,0.03354352199999085,
123,mediana_indicadora|alvo|padrao|pca|smote,mediana_indicadora,alvo,padrao,pca,smote,0,0.7783783783783784,0.01623229576029179,0.63389554225964,0.020649348151429298,0.5449105570357345,0.024644075736602246,0.7599177921315325,0.043528833073328305,0.8269359886074715,0.00931366278259888,0.6075677455739108,0.026685112433908025,14.0,1.1411876459997075,0.04114839559997563,
124,mediana_indicadora|alvo|padrao|kbest|sem,mediana_indicadora,alvo,padrao,kbest,sem,0,0.8347490347490346,0.008370456906825774,0.6475141482286679,0.024701713130528574,0.7014323592804217,0.01936283107627525,0.6023957721667645,0.039957038644231294,0.8337206343961686,0.00866154687246015,0.6512702367466611,0.015793349013559048,10.0,1.6850529140001527,0.1966451259999758,
125,mediana_indicadora|alvo|padrao|kbest|subamostragem,mediana_indicadora,alvo,padrao,kbest,subamostragem,0,0.8084942084942085,0.015163966707842095,0.6616000291945668,0.013548312927029805,0.599254130848206,0.029977843013534167,0.7400587199060481,0.017924601184545457,0.8378516090770003,0.0084559198089958,0.6314190293104709,0.01769929345467836,10.0,1.645143713999687,0.1978139681999437,
126,mediana_indicadora|alvo|padrao|kbest|smote,mediana_indicadora,alvo,padrao,kbest,smote,0,0.7806949806949808,0.0230288732948983,0.6310257997142474,0.021400526546410528,0.5515002339812585,0.04021434997840884,0.7400469759248385,0.014582175684030965,0.821479033541269,0.017784080065050948,0.6000773313373978,0.035140988993806126,10.0,1.767896698000186,0.20449762959997314,
127,mediana_indicadora|alvo|minmax|sem|sem,mediana_indicadora,alvo,minmax,sem,sem,0,0.8413127413127413,0.004402221718529482,0.6481174414248706,0.017149374794091853,0.736058883855962,0.007948291693122219,0.5795067527891955,0.028084755654603444,0.8332108515149723,0.010605980083077138,0.6402068107465115,0.018416395123038103,25.0,0.7222636740000326,0.02915708500004257,
128,mediana_indicadora|alvo|minmax|sem|subamostragem,mediana_indicadora,alvo,minmax,sem,subamostragem,0,0.7868725868725869,0.009516415091788582,0.6401051033129116,0.01655328532046278,0.5579997801190728,0.014195348163858233,0.7507574867880211,0.024574529730864377,0.8319204196357651,0.012565489033691214,0.6163002231668917,0.016024913011080107,25.0,0.6511744239999189,0.02787706299995989,
129,mediana_indicadora|alvo|minmax|sem|smote,mediana_indicadora,alvo,minmax,sem,smote,0,0.7818532818532818,0.014054266195522207,0.6314057327326446,0.019568464957036198,0.5514185115476722,0.022690096524520913,0.74,0.03682207276661204,0.8251118250603244,0.012660822586041306,0.6052498687722425,0.026771720173767867,25.0,0.7302487900001324,0.03072155839995503,
130,mediana_indicadora|alvo|minmax|pca|sem,mediana_indicadora,alvo,minmax,pca,sem,0,0.8355212355212356,0.007526482119543586,0.6379730410653096,0.02311078131723269,0.7179556806061275,0.018615185729356182,0.5749383440986493,0.034983327156220795,0.8347619506052324,0.013003465814973428,0.6340934644012689,0.03123716851537298,10.4,0.7419775190001019,0.031446131800021246,
131,mediana_indicadora|alvo|minmax|pca|subamostragem,mediana_indicadora,alvo,minmax,pca,subamostragem,0,0.7799227799227799,0.011978449465242116,0.6304419162896319,0.015924787638438805,0.5476242025447011,0.017619728998364496,0.7431004110393423,0.018703004472851458,0.826817501264725,0.013107963392032506,0.6048948281843898,0.017252491253192823,10.4,0.7278311539998867,0.030748241599985703,
132,mediana_indicadora|alvo|minmax|pca|smote,mediana_indicadora,alvo,minmax,pca,smote,0,0.7911196911196912,0.01853683997553329,0.6399356950610413,0.02287677967593313,0.5680958212184791,0.03204753120745799,0.7339048737522019,0.023756015943746475,0.8283469595613516,0.01831362195144357,0.6077314686207536,0.03649715007829413,10.4,0.7713542260005397,0.03593029700009538,
133,mediana_indicadora|alvo|minmax|kbest|sem,mediana_indicadora,alvo,minmax,kbest,sem,0,0.8382239382239381,0.0008633467094593765,0.6483924389427902,0.013883345833604078,0.7191732657937069,0.01896115251546869,0.5917557251908396,0.033319539519170945,0.8389671656724609,0.008084544277739355,0.6638669419478369,0.02500490155336507,10.0,1.686310583999557,0.20440340019995346,
134,mediana_indicadora|alvo|minmax|kbest|subamostragem,mediana_indicadora,alvo,minmax,kbest,subamostragem,0,0.8131274131274132,0.009197783204302402,0.6634745916256592,0.01257353181732999,0.6089464453080409,0.017879253861556883,0.7293834409864944,0.021602206696309002,0.8427852613630229,0.0071904345923542385,0.6442212055600443,0.0148370276842772,10.0,1.6288545380000414,0.2002455068000472,
135,mediana_indicadora|alvo|minmax|kbest|smote,mediana_indicadora,alvo,minmax,kbest,smote,0,0.7980694980694981,0.014613274801371118,0.6527778586435218,0.014563666435222103,0.5782546176684575,0.02618054389134597,0.7507692307692306,0.021910221736050006,0.8314746814809956,0.011820307357374868,0.6180101654713577,0.031371746136299575,10.0,1.6800507830000697,0.20559663479998563,
136,mediana_indicadora|alvo|robusto|sem|sem,mediana_indicadora,alvo,robusto,sem,sem,0,0.8389961389961391,0.00556172212003394,0.6497647696145045,0.02311513088047469,0.7209960320192165,0.018675724500196896,0.5932589547856723,0.04444601192835527,0.837388547306378,0.01696802564304366,0.6389260641166526,0.025090714987663104,25.0,0.7390858669998579,0.029566198600014103,
137,mediana_indicadora|alvo|robusto|sem|subamostragem,mediana_indicadora,alvo,robusto,sem,subamostragem,0,0.7988416988416988,0.006742953357750221,0.65653471769295,0.011208674121714033,0.5772073443723482,0.011591022791891448,0.7615032295948326,0.020715963421641077,0.8408584519740888,0.0146952449637743,0.6253407825213191,0.021494410097405905,25.0,0.7022522400000071,0.03154763960001219,
138,mediana_indicadora|alvo|robusto|sem|smote,mediana_indicadora,alvo,robusto,sem,smote,0,0.7698841698841699,0.01497850559171489,0.628168050435936,0.016123138428676888,0.531408599865856,0.022670935849939712,0.769078097475044,0.021000376250301364,0.8213900604244554,0.012098568987087258,0.5825770042242754,0.025007632897441713,25.0,0.7724328240003615,0.03512454620004064,
139,mediana_indicadora|alvo|robusto|pca|sem,mediana_indicadora,alvo,robusto,pca,sem,0,0.8324324324324325,0.009298528632272025,0.6441874003945431,0.01873531196911755,0.6952616742123473,0.02695885835730725,0.6009395184967704,0.026779109986028723,0.8332548791652453,0.012627455976872934,0.6296451367647765,0.023282873609355003,11.2,0.909588248999853,0.03512570980001328,
140,mediana_indicadora|alvo|robusto|pca|subamostragem,mediana_indicadora,alvo,robusto,pca,subamostragem,0,0.796138996138996,0.005215928990774621,0.6489053312276813,0.005280140228577369,0.5745148219590156,0.011595911075803664,0.7462125660598943,0.02269811113447737,0.8378140901401474,0.01671464063231811,0.6218267642886738,0.024435194571140025,11.2,0.8727186819996859,0.04111897419998058,
141,mediana_indicadora|alvo|robusto|pca|smote,mediana_indicadora,alvo,robusto,pca,smote,0,0.7702702702702702,0.018058192021109754,0.6281234161509273,0.019004786145136104,0.532442692096094,0.025460667837834756,0.7675631238990017,0.03284132480056784,0.8226855564438861,0.011707983146506827,0.5896445384699811,0.012878668933691838,11.2,1.0267699050002648,0.04706413600001724,
142,mediana_indicadora|alvo|robusto|kbest|sem,mediana_indicadora,alvo,robusto,kbest,sem,0,0.8301158301158301,0.011173587744005987,0.6398099777053106,0.023144506403569323,0.6897785204432825,0.03552888675234296,0.5977921315325896,0.03151518747026017,0.8294071696068308,0.008860172470444683,0.6366592968268094,0.02767106253550452,10.0,1.8355177429996274,0.21549815279995527,
143,mediana_indicadora|alvo|robusto|kbest|subamostragem,mediana_indicadora,alvo,robusto,kbest,subamostragem,0,0.7930501930501931,0.019987921398524778,0.6451986629310074,0.01992285593043646,0.5710095671045188,0.03418072157985015,0.7431121550205521,0.008921793617686528,0.8306689607302434,0.007344477911859031,0.6175683333604927,0.025807279686759704,10.0,1.7496450829996775,0.22263310379998985,
144,mediana_indicadora|alvo|robusto|kbest|smote,mediana_indicadora,alvo,robusto,kbest,smote,0,0.7791505791505793,0.019333955148346342,0.6300274820154959,0.020067285353565306,0.5475188215918592,0.03031576620523301,0.7431591309453905,0.016003733088533815,0.8180482768462978,0.014984853216398154,0.5876561729782033,0.02888365340601652,10.0,1.8136267340000813,0.21240267020002648,
