id,ausentes,encoding,normalizacao,reducao,balanceamento,codigo,quantil,accuracy,f1,precision,recall,roc_auc,average_precision,fold,prevalencia_teste
1,mediana_moda,onehot,sem,sem,sem,mediana_moda|onehot|sem|sem|sem,0.5,0.7007722007722008,0.6855983772819473,0.6869918699186992,0.6842105263157895,0.7463585162167411,0.6893386490326225,0,0.4768339768339768
1,mediana_moda,onehot,sem,sem,sem,mediana_moda|onehot|sem|sem|sem,0.5,0.6911196911196911,0.678714859437751,0.7511111111111111,0.6190476190476191,0.734103311654332,0.7367243782224205,1,0.527027027027027
1,mediana_moda,onehot,sem,sem,sem,mediana_moda|onehot|sem|sem|sem,0.5,0.6911196911196911,0.6721311475409836,0.7068965517241379,0.640625,0.7275837905534351,0.7055561638005977,2,0.4942084942084942
1,mediana_moda,onehot,sem,sem,sem,mediana_moda|onehot|sem|sem|sem,0.5,0.7181467181467182,0.708,0.7224489795918367,0.6941176470588235,0.7704391262208306,0.7387382589162782,3,0.4922779922779923
1,mediana_moda,onehot,sem,sem,sem,mediana_moda|onehot|sem|sem|sem,0.5,0.7065637065637066,0.6846473029045643,0.6962025316455697,0.673469387755102,0.7761007699783209,0.7312973857590555,4,0.47297297297297297
1,mediana_moda,onehot,sem,sem,sem,mediana_moda|onehot|sem|sem|sem,0.75,0.8166023166023166,0.5662100456621004,0.6966292134831461,0.47692307692307695,0.8431304520222046,0.5952667563023596,0,0.25096525096525096
1,mediana_moda,onehot,sem,sem,sem,mediana_moda|onehot|sem|sem|sem,0.75,0.8166023166023166,0.5739910313901345,0.6956521739130435,0.48854961832061067,0.8336982464445628,0.5896504686715452,1,0.2528957528957529
1,mediana_moda,onehot,sem,sem,sem,mediana_moda|onehot|sem|sem|sem,0.75,0.8127413127413128,0.5488372093023256,0.7023809523809523,0.45038167938931295,0.8283823500404364,0.6141843607985209,2,0.2528957528957529
1,mediana_moda,onehot,sem,sem,sem,mediana_moda|onehot|sem|sem|sem,0.75,0.7992277992277992,0.5398230088495575,0.6421052631578947,0.46564885496183206,0.8052843363512634,0.5595148504853258,3,0.2528957528957529
1,mediana_moda,onehot,sem,sem,sem,mediana_moda|onehot|sem|sem|sem,0.75,0.7876447876447876,0.48598130841121495,0.6265060240963856,0.3969465648854962,0.8253348324358443,0.5646549421626923,4,0.2528957528957529
1,mediana_moda,onehot,sem,sem,sem,mediana_moda|onehot|sem|sem|sem,0.9,0.9015444015444015,0.2153846153846154,0.5,0.13725490196078433,0.8297644539614561,0.39876657523716347,0,0.09845559845559845
1,mediana_moda,onehot,sem,sem,sem,mediana_moda|onehot|sem|sem|sem,0.9,0.8976833976833977,0.3116883116883117,0.5454545454545454,0.21818181818181817,0.7918319261731789,0.31990364806883653,1,0.10617760617760617
1,mediana_moda,onehot,sem,sem,sem,mediana_moda|onehot|sem|sem|sem,0.9,0.8996138996138996,0.3333333333333333,0.5909090909090909,0.23214285714285715,0.8469967532467532,0.4139931014931015,2,0.10810810810810811
1,mediana_moda,onehot,sem,sem,sem,mediana_moda|onehot|sem|sem|sem,0.9,0.88996138996139,0.27848101265822783,0.44,0.2037037037037037,0.7886334610472541,0.3155715596536369,3,0.10424710424710425
1,mediana_moda,onehot,sem,sem,sem,mediana_moda|onehot|sem|sem|sem,0.9,0.888030888030888,0.30952380952380953,0.4482758620689655,0.23636363636363636,0.7757313960337717,0.306720296272663,4,0.10617760617760617
50,mediana_moda,alvo,padrao,pca,subamostragem,mediana_moda|alvo|padrao|pca|subamostragem,0.5,0.6872586872586872,0.6625,0.6824034334763949,0.6437246963562753,0.7519234504085932,0.7253655551139448,0,0.4768339768339768
50,mediana_moda,alvo,padrao,pca,subamostragem,mediana_moda|alvo|padrao|pca|subamostragem,0.5,0.7297297297297297,0.7348484848484849,0.7607843137254902,0.7106227106227107,0.8005158107198924,0.7975760922274934,1,0.527027027027027
50,mediana_moda,alvo,padrao,pca,subamostragem,mediana_moda|alvo|padrao|pca|subamostragem,0.5,0.6988416988416989,0.6816326530612244,0.7136752136752137,0.65234375,0.74215768129771,0.7334173609910789,2,0.4942084942084942
50,mediana_moda,alvo,padrao,pca,subamostragem,mediana_moda|alvo|padrao|pca|subamostragem,0.5,0.7316602316602316,0.7236580516898609,0.7338709677419355,0.7137254901960784,0.8082233653917841,0.7864831340672209,3,0.4922779922779923
50,mediana_moda,alvo,padrao,pca,subamostragem,mediana_moda|alvo|padrao|pca|subamostragem,0.5,0.7142857142857143,0.6942148760330579,0.702928870292887,0.6857142857142857,0.7843985946026761,0.7394161707243954,4,0.47297297297297297
50,mediana_moda,alvo,padrao,pca,subamostragem,mediana_moda|alvo|padrao|pca|subamostragem,0.75,0.8108108108108109,0.6754966887417219,0.5930232558139535,0.7846153846153846,0.8786478984932594,0.6539309508362762,0,0.25096525096525096
50,mediana_moda,alvo,padrao,pca,subamostragem,mediana_moda|alvo|padrao|pca|subamostragem,0.75,0.7953667953667953,0.6558441558441559,0.5706214689265536,0.7709923664122137,0.8577036116535495,0.6420559211705243,1,0.2528957528957529
50,mediana_moda,alvo,padrao,pca,subamostragem,mediana_moda|alvo|padrao|pca|subamostragem,0.75,0.805019305019305,0.6576271186440678,0.5914634146341463,0.7404580152671756,0.8443990768684538,0.6866096897156087,2,0.2528957528957529
50,mediana_moda,alvo,padrao,pca,subamostragem,mediana_moda|alvo|padrao|pca|subamostragem,0.75,0.7876447876447876,0.6540880503144654,0.5561497326203209,0.7938931297709924,0.8436100755468766,0.6604996612728264,3,0.2528957528957529
50,mediana_moda,alvo,padrao,pca,subamostragem,mediana_moda|alvo|padrao|pca|subamostragem,0.75,0.7722007722007722,0.6168831168831169,0.536723163841808,0.7251908396946565,0.8398721817859046,0.6186175136559446,4,0.2528957528957529
50,mediana_moda,alvo,padrao,pca,subamostragem,mediana_moda|alvo|padrao|pca|subamostragem,0.9,0.7992277992277992,0.46938775510204084,0.31724137931034485,0.9019607843137255,0.8999244237309485,0.4445113087316343,0,0.09845559845559845
50,mediana_moda,alvo,padrao,pca,subamostragem,mediana_moda|alvo|padrao|pca|subamostragem,0.9,0.777992277992278,0.4549763033175355,0.3076923076923077,0.8727272727272727,0.8758688395837424,0.3454490482852215,1,0.10617760617760617
50,mediana_moda,alvo,padrao,pca,subamostragem,mediana_moda|alvo|padrao|pca|subamostragem,0.9,0.8127413127413128,0.5025641025641026,0.35251798561151076,0.875,0.8884121830550401,0.44825231382642466,2,0.10810810810810811
50,mediana_moda,alvo,padrao,pca,subamostragem,mediana_moda|alvo|padrao|pca|subamostragem,0.9,0.7837837837837838,0.46153846153846156,0.3116883116883117,0.8888888888888888,0.8609514687100894,0.3380526241372442,3,0.10424710424710425
50,mediana_moda,alvo,padrao,pca,subamostragem,mediana_moda|alvo|padrao|pca|subamostragem,0.9,0.7934362934362934,0.4512820512820513,0.3142857142857143,0.8,0.8534851757313962,0.3429572797906131,4,0.10617760617760617
58,mediana_moda,alvo,minmax,pca,sem,mediana_moda|alvo|minmax|pca|sem,0.5,0.7239382239382239,0.7027027027027027,0.7222222222222222,0.6842105263157895,0.7825417930292663,0.7481585896998804,0,0.4768339768339768
58,mediana_moda,alvo,minmax,pca,sem,mediana_moda|alvo|minmax|pca|sem,0.5,0.7142857142857143,0.7164750957854407,0.751004016064257,0.684981684981685,0.7836884204231144,0.7797599124973116,1,0.527027027027027
58,mediana_moda,alvo,minmax,pca,sem,mediana_moda|alvo|minmax|pca|sem,0.5,0.6911196911196911,0.678714859437751,0.6983471074380165,0.66015625,0.7481586951335879,0.7291921457483354,2,0.4942084942084942
58,mediana_moda,alvo,minmax,pca,sem,mediana_moda|alvo|minmax|pca|sem,0.5,0.7239382239382239,0.7051546391752578,0.7434782608695653,0.6705882352941176,0.7970252739879222,0.7729301336239816,3,0.4922779922779923
58,mediana_moda,alvo,minmax,pca,sem,mediana_moda|alvo|minmax|pca|sem,0.5,0.7239382239382239,0.7122736418511066,0.7023809523809523,0.7224489795918367,0.7916872243402857,0.7419707172509487,4,0.47297297297297297
58,mediana_moda,alvo,minmax,pca,sem,mediana_moda|alvo|minmax|pca|sem,0.75,0.8301158301158301,0.6422764227642277,0.6810344827586207,0.6076923076923076,0.8464611419508327,0.6179409850514517,0,0.25096525096525096
58,mediana_moda,alvo,minmax,pca,sem,mediana_moda|alvo|minmax|pca|sem,0.75,0.8436293436293436,0.6666666666666666,0.7232142857142857,0.6183206106870229,0.8584334378760085,0.6684000113372268,1,0.2528957528957529
58,mediana_moda,alvo,minmax,pca,sem,mediana_moda|alvo|minmax|pca|sem,0.75,0.8494208494208494,0.6722689075630253,0.7476635514018691,0.6106870229007634,0.8383139041757895,0.6559861547879666,2,0.2528957528957529
58,mediana_moda,alvo,minmax,pca,sem,mediana_moda|alvo|minmax|pca|sem,0.75,0.8301158301158301,0.6206896551724138,0.7128712871287128,0.549618320610687,0.8440933388563425,0.6243193619888152,3,0.2528957528957529
58,mediana_moda,alvo,minmax,pca,sem,mediana_moda|alvo|minmax|pca|sem,0.75,0.8416988416988417,0.6666666666666666,0.7130434782608696,0.6259541984732825,0.8634238712349843,0.6454838891821737,4,0.2528957528957529
58,mediana_moda,alvo,minmax,pca,sem,mediana_moda|alvo|minmax|pca|sem,0.9,0.888030888030888,0.35555555555555557,0.41025641025641024,0.3137254901960784,0.8484485871436369,0.36404353888698127,0,0.09845559845559845
58,mediana_moda,alvo,minmax,pca,sem,mediana_moda|alvo|minmax|pca|sem,0.9,0.8938223938223938,0.32098765432098764,0.5,0.23636363636363636,0.8407029255841351,0.3800514534605444,1,0.10617760617760617
58,mediana_moda,alvo,minmax,pca,sem,mediana_moda|alvo|minmax|pca|sem,0.9,0.8957528957528957,0.34146341463414637,0.5384615384615384,0.25,0.8466295609152751,0.4106097157567745,2,0.10810810810810811
58,mediana_moda,alvo,minmax,pca,sem,mediana_moda|alvo|minmax|pca|sem,0.9,0.88996138996139,0.3132530120481928,0.4482758620689655,0.24074074074074073,0.8394196998722862,0.38290549572142796,3,0.10424710424710425
58,mediana_moda,alvo,minmax,pca,sem,mediana_moda|alvo|minmax|pca|sem,0.9,0.8918918918918919,0.37777777777777777,0.4857142857142857,0.3090909090909091,0.8312193206361672,0.38680570170832684,4,0.10617760617760617
47,mediana_moda,alvo,padrao,sem,subamostragem,mediana_moda|alvo|padrao|sem|subamostragem,0.5,0.6891891891891891,0.6652806652806653,0.6837606837606838,0.6477732793522267,0.7629263337167784,0.7435919251275295,0,0.4768339768339768
47,mediana_moda,alvo,padrao,sem,subamostragem,mediana_moda|alvo|padrao|sem|subamostragem,0.5,0.7335907335907336,0.735632183908046,0.7710843373493976,0.7032967032967034,0.7963145697839575,0.7926228691606579,1,0.527027027027027
47,mediana_moda,alvo,padrao,sem,subamostragem,mediana_moda|alvo|padrao|sem|subamostragem,0.5,0.6988416988416989,0.6776859504132231,0.7192982456140351,0.640625,0.7385719823473282,0.725987119299992,2,0.4942084942084942
47,mediana_moda,alvo,padrao,sem,subamostragem,mediana_moda|alvo|padrao|sem|subamostragem,0.5,0.7258687258687259,0.7137096774193549,0.7344398340248963,0.6941176470588235,0.7994632073361665,0.7795824967947922,3,0.4922779922779923
47,mediana_moda,alvo,padrao,sem,subamostragem,mediana_moda|alvo|padrao|sem|subamostragem,0.5,0.7046332046332047,0.6921529175050302,0.6825396825396826,0.7020408163265306,0.7879195634297675,0.7450960687420112,4,0.47297297297297297
47,mediana_moda,alvo,padrao,sem,subamostragem,mediana_moda|alvo|padrao|sem|subamostragem,0.75,0.8166023166023166,0.6801346801346801,0.6047904191616766,0.7769230769230769,0.8781522601110231,0.6619494445279831,0,0.25096525096525096
47,mediana_moda,alvo,padrao,sem,subamostragem,mediana_moda|alvo|padrao|sem|subamostragem,0.75,0.8108108108108109,0.6733333333333333,0.5976331360946746,0.7709923664122137,0.8465984180523503,0.6163808662025301,1,0.2528957528957529
47,mediana_moda,alvo,padrao,sem,subamostragem,mediana_moda|alvo|padrao|sem|subamostragem,0.75,0.7953667953667953,0.636986301369863,0.577639751552795,0.7099236641221374,0.8397242440381089,0.674542498125233,2,0.2528957528957529
47,mediana_moda,alvo,padrao,sem,subamostragem,mediana_moda|alvo|padrao|sem|subamostragem,0.75,0.7837837837837838,0.643312101910828,0.5519125683060109,0.7709923664122137,0.8407696707891985,0.6656805405300572,3,0.2528957528957529
47,mediana_moda,alvo,padrao,sem,subamostragem,mediana_moda|alvo|padrao|sem|subamostragem,0.75,0.7741312741312741,0.6138613861386139,0.5406976744186046,0.7099236641221374,0.8348620233938893,0.6250059741803589,4,0.2528957528957529
47,mediana_moda,alvo,padrao,sem,subamostragem,mediana_moda|alvo|padrao|sem|subamostragem,0.9,0.7992277992277992,0.46938775510204084,0.31724137931034485,0.9019607843137255,0.9000503841793677,0.43565221565636464,0,0.09845559845559845
47,mediana_moda,alvo,padrao,sem,subamostragem,mediana_moda|alvo|padrao|sem|subamostragem,0.9,0.7799227799227799,0.45714285714285713,0.3096774193548387,0.8727272727272727,0.8899077164735912,0.37510471726451,1,0.10617760617760617
47,mediana_moda,alvo,padrao,sem,subamostragem,mediana_moda|alvo|padrao|sem|subamostragem,0.9,0.8108108108108109,0.5,0.35,0.875,0.8892238713667285,0.4511302755488802,2,0.10810810810810811
47,mediana_moda,alvo,padrao,sem,subamostragem,mediana_moda|alvo|padrao|sem|subamostragem,0.9,0.7818532818532818,0.45410628019323673,0.30718954248366015,0.8703703703703703,0.8640046296296297,0.3481707708393431,3,0.10424710424710425
47,mediana_moda,alvo,padrao,sem,subamostragem,mediana_moda|alvo|padrao|sem|subamostragem,0.9,0.7953667953667953,0.4536082474226804,0.31654676258992803,0.8,0.8592970744158649,0.3633754181177027,4,0.10617760617760617
55,mediana_moda,alvo,minmax,sem,sem,mediana_moda|alvo|minmax|sem|sem,0.5,0.722007722007722,0.7024793388429752,0.7172995780590717,0.6882591093117408,0.7798153487607751,0.7454779608640576,0,0.4768339768339768
55,mediana_moda,alvo,minmax,sem,sem,mediana_moda|alvo|minmax|sem|sem,0.5,0.7239382239382239,0.7244701348747592,0.7642276422764228,0.6886446886446886,0.7988338192419826,0.8025613001640879,1,0.527027027027027
55,mediana_moda,alvo,minmax,sem,sem,mediana_moda|alvo|minmax|sem|sem,0.5,0.6872586872586872,0.6693877551020408,0.7008547008547008,0.640625,0.7409276598282442,0.7324914886530837,2,0.4942084942084942
55,mediana_moda,alvo,minmax,sem,sem,mediana_moda|alvo|minmax|sem|sem,0.5,0.7316602316602316,0.718052738336714,0.7436974789915967,0.6941176470588235,0.7917393573398941,0.7639523001528981,3,0.4922779922779923
55,mediana_moda,alvo,minmax,sem,sem,mediana_moda|alvo|minmax|sem|sem,0.5,0.7258687258687259,0.7182539682539683,0.6988416988416989,0.7387755102040816,0.789384764894969,0.745888138958214,4,0.47297297297297297
55,mediana_moda,alvo,minmax,sem,sem,mediana_moda|alvo|minmax|sem|sem,0.75,0.832046332046332,0.6390041493775933,0.6936936936936937,0.5923076923076923,0.8430709754163362,0.6062392598768997,0,0.25096525096525096
55,mediana_moda,alvo,minmax,sem,sem,mediana_moda|alvo|minmax|sem|sem,0.75,0.8436293436293436,0.6582278481012658,0.7358490566037735,0.5954198473282443,0.8562143716590727,0.6682933042585447,1,0.2528957528957529
55,mediana_moda,alvo,minmax,sem,sem,mediana_moda|alvo|minmax|sem|sem,0.75,0.8494208494208494,0.6666666666666666,0.7572815533980582,0.5954198473282443,0.8357989624632621,0.6629707118315623,2,0.2528957528957529
55,mediana_moda,alvo,minmax,sem,sem,mediana_moda|alvo|minmax|sem|sem,0.75,0.8223938223938224,0.5964912280701754,0.7010309278350515,0.5190839694656488,0.8348620233938893,0.6405867452187857,3,0.2528957528957529
55,mediana_moda,alvo,minmax,sem,sem,mediana_moda|alvo|minmax|sem|sem,0.75,0.8455598455598455,0.6638655462184874,0.7383177570093458,0.6030534351145038,0.8676943408880209,0.6651397454381531,4,0.2528957528957529
55,mediana_moda,alvo,minmax,sem,sem,mediana_moda|alvo|minmax|sem|sem,0.9,0.8976833976833977,0.345679012345679,0.4666666666666667,0.27450980392156865,0.8722341184867951,0.4317908473291381,0,0.09845559845559845
55,mediana_moda,alvo,minmax,sem,sem,mediana_moda|alvo|minmax|sem|sem,0.9,0.9015444015444015,0.37037037037037035,0.5769230769230769,0.2727272727272727,0.8328097388572552,0.4108365312713139,1,0.10617760617760617
55,mediana_moda,alvo,minmax,sem,sem,mediana_moda|alvo|minmax|sem|sem,0.9,0.88996138996139,0.3448275862068966,0.4838709677419355,0.26785714285714285,0.8533549783549785,0.41621541570517595,2,0.10810810810810811
55,mediana_moda,alvo,minmax,sem,sem,mediana_moda|alvo|minmax|sem|sem,0.9,0.8918918918918919,0.3488372093023256,0.46875,0.2777777777777778,0.8613505747126438,0.38076145621292923,3,0.10424710424710425
55,mediana_moda,alvo,minmax,sem,sem,mediana_moda|alvo|minmax|sem|sem,0.9,0.8841698841698842,0.375,0.43902439024390244,0.32727272727272727,0.8041822108776753,0.38347292003381644,4,0.10617760617760617
122,mediana_indicadora,alvo,padrao,pca,subamostragem,mediana_indicadora|alvo|padrao|pca|subamostragem,0.5,0.6872586872586872,0.6538461538461539,0.6923076923076923,0.6194331983805668,0.7517142985195034,0.7104312215277551,0,0.4768339768339768
122,mediana_indicadora,alvo,padrao,pca,subamostragem,mediana_indicadora|alvo|padrao|pca|subamostragem,0.5,0.7123552123552124,0.7214953271028037,0.7366412213740458,0.706959706959707,0.7799207595125963,0.7741363147994058,1,0.527027027027027
122,mediana_indicadora,alvo,padrao,pca,subamostragem,mediana_indicadora|alvo|padrao|pca|subamostragem,0.5,0.6776061776061776,0.6584867075664622,0.6909871244635193,0.62890625,0.7481512404580152,0.736543695605578,2,0.4942084942084942
122,mediana_indicadora,alvo,padrao,pca,subamostragem,mediana_indicadora|alvo|padrao|pca|subamostragem,0.5,0.7162162162162162,0.7189292543021033,0.7014925373134329,0.7372549019607844,0.7921792291060912,0.7680970800952898,3,0.4922779922779923
122,mediana_indicadora,alvo,padrao,pca,subamostragem,mediana_indicadora|alvo|padrao|pca|subamostragem,0.5,0.7181467181467182,0.7020408163265306,0.7020408163265306,0.7020408163265306,0.7777154817971145,0.7362501510691049,4,0.47297297297297297
122,mediana_indicadora,alvo,padrao,pca,subamostragem,mediana_indicadora|alvo|padrao|pca|subamostragem,0.75,0.8108108108108109,0.6711409395973155,0.5952380952380952,0.7692307692307693,0.868080888183981,0.6674275690743011,0,0.25096525096525096
122,mediana_indicadora,alvo,padrao,pca,subamostragem,mediana_indicadora|alvo|padrao|pca|subamostragem,0.75,0.803088803088803,0.6644736842105263,0.5838150289017341,0.7709923664122137,0.8508886127384263,0.6503499421779296,1,0.2528957528957529
122,mediana_indicadora,alvo,padrao,pca,subamostragem,mediana_indicadora|alvo|padrao|pca|subamostragem,0.75,0.7895752895752896,0.632996632996633,0.5662650602409639,0.7175572519083969,0.8356411621989467,0.6556342020237761,2,0.2528957528957529
122,mediana_indicadora,alvo,padrao,pca,subamostragem,mediana_indicadora|alvo|padrao|pca|subamostragem,0.75,0.7741312741312741,0.6285714285714286,0.5380434782608695,0.7557251908396947,0.8272284356076297,0.6424440601620626,3,0.2528957528957529
122,mediana_indicadora,alvo,padrao,pca,subamostragem,mediana_indicadora|alvo|padrao|pca|subamostragem,0.75,0.8127413127413128,0.6777408637873754,0.6,0.7786259541984732,0.8534725920665917,0.6547262156636472,4,0.2528957528957529
122,mediana_indicadora,alvo,padrao,pca,subamostragem,mediana_indicadora|alvo|padrao|pca|subamostragem,0.9,0.7972972972972973,0.467005076142132,0.3150684931506849,0.9019607843137255,0.9038082042238736,0.4634561489022307,0,0.09845559845559845
122,mediana_indicadora,alvo,padrao,pca,subamostragem,mediana_indicadora|alvo|padrao|pca|subamostragem,0.9,0.777992277992278,0.4549763033175355,0.3076923076923077,0.8727272727272727,0.8915374042803847,0.39311273003919767,1,0.10617760617760617
122,mediana_indicadora,alvo,padrao,pca,subamostragem,mediana_indicadora|alvo|padrao|pca|subamostragem,0.9,0.8088803088803089,0.5025125628140703,0.34965034965034963,0.8928571428571429,0.8794642857142857,0.418319437300288,2,0.10810810810810811
122,mediana_indicadora,alvo,padrao,pca,subamostragem,mediana_indicadora|alvo|padrao|pca|subamostragem,0.9,0.7895752895752896,0.4630541871921182,0.31543624161073824,0.8703703703703703,0.8565413473818646,0.3389525954276033,3,0.10424710424710425
122,mediana_indicadora,alvo,padrao,pca,subamostragem,mediana_indicadora|alvo|padrao|pca|subamostragem,0.9,0.7644787644787645,0.41346153846153844,0.28104575163398693,0.7818181818181819,0.851070096210485,0.3665517220336012,4,0.10617760617760617
76,mediana_indicadora,onehot,sem,pca,sem,mediana_indicadora|onehot|sem|pca|sem,0.5,0.6602316602316602,0.639344262295082,0.6473029045643154,0.631578947368421,0.6994337959573927,0.6338907192313215,0,0.4768339768339768
76,mediana_indicadora,onehot,sem,pca,sem,mediana_indicadora|onehot|sem|pca|sem,0.5,0.6563706563706564,0.6509803921568628,0.70042194092827,0.608058608058608,0.6970172684458399,0.6809455219502648,1,0.527027027027027
76,mediana_indicadora,onehot,sem,pca,sem,mediana_indicadora|onehot|sem|pca|sem,0.5,0.6602316602316602,0.6422764227642277,0.6694915254237288,0.6171875,0.718317628816794,0.6824787008614089,2,0.4942084942084942
76,mediana_indicadora,onehot,sem,pca,sem,mediana_indicadora|onehot|sem|pca|sem,0.5,0.6583011583011583,0.632016632016632,0.672566371681416,0.596078431372549,0.7114888540967718,0.6741846770729059,3,0.4922779922779923
76,mediana_indicadora,onehot,sem,pca,sem,mediana_indicadora|onehot|sem|pca|sem,0.5,0.693050193050193,0.6735112936344969,0.6776859504132231,0.6693877551020408,0.7479778724676684,0.694202825853623,4,0.47297297297297297
76,mediana_indicadora,onehot,sem,pca,sem,mediana_indicadora|onehot|sem|pca|sem,0.75,0.8011583011583011,0.4824120603015075,0.6956521739130435,0.36923076923076925,0.7573651863600317,0.5216456753207984,0,0.25096525096525096
76,mediana_indicadora,onehot,sem,pca,sem,mediana_indicadora|onehot|sem|pca|sem,0.75,0.777992277992278,0.46511627906976744,0.5952380952380952,0.3816793893129771,0.7536146123044756,0.48829962518035525,1,0.2528957528957529
76,mediana_indicadora,onehot,sem,pca,sem,mediana_indicadora|onehot|sem|pca|sem,0.75,0.7837837837837838,0.4666666666666667,0.620253164556962,0.37404580152671757,0.7608832869795057,0.532815592500686,2,0.2528957528957529
76,mediana_indicadora,onehot,sem,pca,sem,mediana_indicadora|onehot|sem|pca|sem,0.75,0.7702702702702703,0.46153846153846156,0.5666666666666667,0.3893129770992366,0.72230112235438,0.49487983620534204,3,0.2528957528957529
76,mediana_indicadora,onehot,sem,pca,sem,mediana_indicadora|onehot|sem|pca|sem,0.75,0.7741312741312741,0.4507042253521127,0.5853658536585366,0.366412213740458,0.7560605164013651,0.47846455498744955,4,0.2528957528957529
76,mediana_indicadora,onehot,sem,pca,sem,mediana_indicadora|onehot|sem|pca|sem,0.9,0.8996138996138996,0.23529411764705882,0.47058823529411764,0.1568627450980392,0.7776588151320485,0.29819115822480446,0,0.09845559845559845
76,mediana_indicadora,onehot,sem,pca,sem,mediana_indicadora|onehot|sem|pca|sem,0.9,0.8803088803088803,0.24390243902439024,0.37037037037037035,0.18181818181818182,0.7417435696053407,0.2530155130268573,1,0.10617760617760617
76,mediana_indicadora,onehot,sem,pca,sem,mediana_indicadora|onehot|sem|pca|sem,0.9,0.9015444015444015,0.35443037974683544,0.6086956521739131,0.25,0.7824288806431663,0.3755405677608989,2,0.10810810810810811
76,mediana_indicadora,onehot,sem,pca,sem,mediana_indicadora|onehot|sem|pca|sem,0.9,0.8783783783783784,0.2222222222222222,0.3333333333333333,0.16666666666666666,0.7154174648786717,0.24067281091479517,3,0.10424710424710425
76,mediana_indicadora,onehot,sem,pca,sem,mediana_indicadora|onehot|sem|pca|sem,0.9,0.8822393822393823,0.24691358024691357,0.38461538461538464,0.18181818181818182,0.7303750245434911,0.24701135565398558,4,0.10617760617760617
41,mediana_moda,alvo,sem,pca,subamostragem,mediana_moda|alvo|sem|pca|subamostragem,0.5,0.6505791505791506,0.6387225548902196,0.6299212598425197,0.6477732793522267,0.6965654271927335,0.6338728236184075,0,0.4768339768339768
41,mediana_moda,alvo,sem,pca,subamostragem,mediana_moda|alvo|sem|pca|subamostragem,0.5,0.6525096525096525,0.6511627906976745,0.691358024691358,0.6153846153846154,0.6914255812214996,0.6822322415076363,1,0.527027027027027
41,mediana_moda,alvo,sem,pca,subamostragem,mediana_moda|alvo|sem|pca|subamostragem,0.5,0.6544401544401545,0.6441351888667992,0.6558704453441295,0.6328125,0.7158874045801527,0.682717932143112,2,0.4942084942084942
41,mediana_moda,alvo,sem,pca,subamostragem,mediana_moda|alvo|sem|pca|subamostragem,0.5,0.666023166023166,0.6447638603696099,0.6767241379310345,0.615686274509804,0.7096548124953403,0.6711565185546242,3,0.4922779922779923
41,mediana_moda,alvo,sem,pca,subamostragem,mediana_moda|alvo|sem|pca|subamostragem,0.5,0.6833976833976834,0.6693548387096774,0.6613545816733067,0.6775510204081633,0.7453240636914107,0.6871256069741147,4,0.47297297297297297
41,mediana_moda,alvo,sem,pca,subamostragem,mediana_moda|alvo|sem|pca|subamostragem,0.75,0.6718146718146718,0.5170454545454546,0.4099099099099099,0.7,0.7493754956383822,0.4969109132547968,0,0.25096525096525096
41,mediana_moda,alvo,sem,pca,subamostragem,mediana_moda|alvo|sem|pca|subamostragem,0.75,0.6776061776061776,0.5102639296187683,0.4142857142857143,0.6641221374045801,0.7381797739511213,0.4441839552662836,1,0.2528957528957529
41,mediana_moda,alvo,sem,pca,subamostragem,mediana_moda|alvo|sem|pca|subamostragem,0.75,0.6872586872586872,0.5290697674418605,0.4272300469483568,0.6946564885496184,0.7371639347495907,0.47383297902522725,2,0.2528957528957529
41,mediana_moda,alvo,sem,pca,subamostragem,mediana_moda|alvo|sem|pca|subamostragem,0.75,0.6525096525096525,0.4972067039106145,0.3920704845814978,0.6793893129770993,0.7077440479712804,0.44981636354829957,3,0.2528957528957529
41,mediana_moda,alvo,sem,pca,subamostragem,mediana_moda|alvo|sem|pca|subamostragem,0.75,0.6621621621621622,0.5205479452054794,0.405982905982906,0.7251908396946565,0.731581750399432,0.43892407609421435,4,0.2528957528957529
41,mediana_moda,alvo,sem,pca,subamostragem,mediana_moda|alvo|sem|pca|subamostragem,0.9,0.6698841698841699,0.29045643153526973,0.18421052631578946,0.6862745098039216,0.7546710332955452,0.2185725418971924,0,0.09845559845559845
41,mediana_moda,alvo,sem,pca,subamostragem,mediana_moda|alvo|sem|pca|subamostragem,0.9,0.6505791505791506,0.29571984435797666,0.18811881188118812,0.6909090909090909,0.7181818181818183,0.19908221530648534,1,0.10617760617760617
41,mediana_moda,alvo,sem,pca,subamostragem,mediana_moda|alvo|sem|pca|subamostragem,0.9,0.6698841698841699,0.3346303501945525,0.21393034825870647,0.7678571428571429,0.7882073283858998,0.25475033152063853,2,0.10810810810810811
41,mediana_moda,alvo,sem,pca,subamostragem,mediana_moda|alvo|sem|pca|subamostragem,0.9,0.6177606177606177,0.29285714285714287,0.18141592920353983,0.7592592592592593,0.7477849616858236,0.2452759994125676,3,0.10424710424710425
41,mediana_moda,alvo,sem,pca,subamostragem,mediana_moda|alvo|sem|pca|subamostragem,0.9,0.6196911196911197,0.2939068100358423,0.18303571428571427,0.7454545454545455,0.7403298645199293,0.21945111945111945,4,0.10617760617760617
113,mediana_indicadora,alvo,sem,pca,subamostragem,mediana_indicadora|alvo|sem|pca|subamostragem,0.5,0.6544401544401545,0.6412825651302605,0.6349206349206349,0.6477732793522267,0.69643097240689,0.6339649886184594,0,0.4768339768339768
113,mediana_indicadora,alvo,sem,pca,subamostragem,mediana_indicadora|alvo|sem|pca|subamostragem,0.5,0.6505791505791506,0.6499032882011605,0.6885245901639344,0.6153846153846154,0.6857890408910817,0.6782467464641535,1,0.527027027027027
113,mediana_indicadora,alvo,sem,pca,subamostragem,mediana_indicadora|alvo|sem|pca|subamostragem,0.5,0.6447876447876448,0.6363636363636364,0.644,0.62890625,0.7128235329198473,0.6793757946477058,2,0.4942084942084942
113,mediana_indicadora,alvo,sem,pca,subamostragem,mediana_indicadora|alvo|sem|pca|subamostragem,0.5,0.6698841698841699,0.6474226804123712,0.6826086956521739,0.615686274509804,0.7120554685752628,0.6723562359367494,3,0.4922779922779923
113,mediana_indicadora,alvo,sem,pca,subamostragem,mediana_indicadora|alvo|sem|pca|subamostragem,0.5,0.6872586872586872,0.6720647773279352,0.6666666666666666,0.6775510204081633,0.7463631606488749,0.6873142099150313,4,0.47297297297297297
113,mediana_indicadora,alvo,sem,pca,subamostragem,mediana_indicadora|alvo|sem|pca|subamostragem,0.75,0.6776061776061776,0.5187319884726225,0.4147465437788018,0.6923076923076923,0.7495043616177637,0.4996422808099128,0,0.25096525096525096
113,mediana_indicadora,alvo,sem,pca,subamostragem,mediana_indicadora|alvo|sem|pca|subamostragem,0.75,0.6756756756756757,0.5058823529411764,0.41148325358851673,0.6564885496183206,0.7383079866658777,0.4436918472787109,1,0.2528957528957529
113,mediana_indicadora,alvo,sem,pca,subamostragem,mediana_indicadora|alvo|sem|pca|subamostragem,0.75,0.6853281853281853,0.5247813411078717,0.42452830188679247,0.6870229007633588,0.734284079925834,0.47082290831114015,2,0.2528957528957529
113,mediana_indicadora,alvo,sem,pca,subamostragem,mediana_indicadora|alvo|sem|pca|subamostragem,0.75,0.6525096525096525,0.4972067039106145,0.3920704845814978,0.6793893129770993,0.7072016095626961,0.44735669620092605,3,0.2528957528957529
113,mediana_indicadora,alvo,sem,pca,subamostragem,mediana_indicadora|alvo|sem|pca|subamostragem,0.75,0.6602316602316602,0.5217391304347826,0.4050632911392405,0.732824427480916,0.7331597530425864,0.4393827799123758,4,0.2528957528957529
113,mediana_indicadora,alvo,sem,pca,subamostragem,mediana_indicadora|alvo|sem|pca|subamostragem,0.9,0.6737451737451737,0.2928870292887029,0.18617021276595744,0.6862745098039216,0.7543561321744973,0.21824976203824253,0,0.09845559845559845
113,mediana_indicadora,alvo,sem,pca,subamostragem,mediana_indicadora|alvo|sem|pca|subamostragem,0.9,0.6486486486486487,0.2890625,0.18407960199004975,0.6727272727272727,0.7122521107402316,0.19547673005307142,1,0.10617760617760617
113,mediana_indicadora,alvo,sem,pca,subamostragem,mediana_indicadora|alvo|sem|pca|subamostragem,0.9,0.6718146718146718,0.3359375,0.215,0.7678571428571429,0.7809407854050712,0.24571238864572634,2,0.10810810810810811
113,mediana_indicadora,alvo,sem,pca,subamostragem,mediana_indicadora|alvo|sem|pca|subamostragem,0.9,0.6177606177606177,0.29285714285714287,0.18141592920353983,0.7592592592592593,0.7479645593869733,0.24681560668305977,3,0.10424710424710425
113,mediana_indicadora,alvo,sem,pca,subamostragem,mediana_indicadora|alvo|sem|pca|subamostragem,0.9,0.6196911196911197,0.2939068100358423,0.18303571428571427,0.7454545454545455,0.740742195169841,0.21955016679330674,4,0.10617760617760617
5,mediana_moda,onehot,sem,pca,subamostragem,mediana_moda|onehot|sem|pca|subamostragem,0.5,0.6583011583011583,0.6452905811623246,0.6388888888888888,0.6518218623481782,0.6979025053408429,0.6329650077309426,0,0.4768339768339768
5,mediana_moda,onehot,sem,pca,subamostragem,mediana_moda|onehot|sem|pca|subamostragem,0.5,0.6583011583011583,0.6615678776290631,0.692,0.6336996336996337,0.7003887269193392,0.6872225076614502,1,0.527027027027027
5,mediana_moda,onehot,sem,pca,subamostragem,mediana_moda|onehot|sem|pca|subamostragem,0.5,0.6640926640926641,0.6533864541832669,0.6666666666666666,0.640625,0.7220002385496184,0.6837561870422116,2,0.4942084942084942
5,mediana_moda,onehot,sem,pca,subamostragem,mediana_moda|onehot|sem|pca|subamostragem,0.5,0.6621621621621622,0.6391752577319587,0.6739130434782609,0.6078431372549019,0.7078505927085663,0.6709313863713569,3,0.4922779922779923
5,mediana_moda,onehot,sem,pca,subamostragem,mediana_moda|onehot|sem|pca|subamostragem,0.5,0.6911196911196911,0.6761133603238867,0.6706827309236948,0.6816326530612244,0.7519324213201763,0.6986520602505508,4,0.47297297297297297
5,mediana_moda,onehot,sem,pca,subamostragem,mediana_moda|onehot|sem|pca|subamostragem,0.75,0.6853281853281853,0.5247813411078717,0.4225352112676056,0.6923076923076923,0.7480967486122125,0.4925617470969212,0,0.25096525096525096
5,mediana_moda,onehot,sem,pca,subamostragem,mediana_moda|onehot|sem|pca|subamostragem,0.75,0.6795366795366795,0.5117647058823529,0.41626794258373206,0.6641221374045801,0.7350928062804505,0.4433098957674978,1,0.2528957528957529
5,mediana_moda,onehot,sem,pca,subamostragem,mediana_moda|onehot|sem|pca|subamostragem,0.75,0.6833976833976834,0.5260115606936416,0.4232558139534884,0.6946564885496184,0.7329526401956723,0.46866349203547264,2,0.2528957528957529
5,mediana_moda,onehot,sem,pca,subamostragem,mediana_moda|onehot|sem|pca|subamostragem,0.75,0.6544401544401545,0.5013927576601671,0.39473684210526316,0.6870229007633588,0.7068761465175454,0.44930567089557616,3,0.2528957528957529
5,mediana_moda,onehot,sem,pca,subamostragem,mediana_moda|onehot|sem|pca|subamostragem,0.75,0.6525096525096525,0.5161290322580645,0.3983402489626556,0.732824427480916,0.7353492317099631,0.44022686960748314,4,0.2528957528957529
5,mediana_moda,onehot,sem,pca,subamostragem,mediana_moda|onehot|sem|pca|subamostragem,0.9,0.6718146718146718,0.2916666666666667,0.18518518518518517,0.6862745098039216,0.7529705672418862,0.21747517537907152,0,0.09845559845559845
5,mediana_moda,onehot,sem,pca,subamostragem,mediana_moda|onehot|sem|pca|subamostragem,0.9,0.6428571428571429,0.29118773946360155,0.18446601941747573,0.6909090909090909,0.7128215197329668,0.19678862091200572,1,0.10617760617760617
5,mediana_moda,onehot,sem,pca,subamostragem,mediana_moda|onehot|sem|pca|subamostragem,0.9,0.6698841698841699,0.3346303501945525,0.21393034825870647,0.7678571428571429,0.7840136054421769,0.2445732128985384,2,0.10810810810810811
5,mediana_moda,onehot,sem,pca,subamostragem,mediana_moda|onehot|sem|pca|subamostragem,0.9,0.6138996138996139,0.2907801418439716,0.17982456140350878,0.7592592592592593,0.7474856321839081,0.2474996119123317,3,0.10424710424710425
5,mediana_moda,onehot,sem,pca,subamostragem,mediana_moda|onehot|sem|pca|subamostragem,0.9,0.6216216216216216,0.2949640287769784,0.18385650224215247,0.7454545454545455,0.7330257215786373,0.212393004889063,4,0.10617760617760617
77,mediana_indicadora,onehot,sem,pca,subamostragem,mediana_indicadora|onehot|sem|pca|subamostragem,0.5,0.667953667953668,0.6489795918367347,0.654320987654321,0.6437246963562753,0.7015850725308873,0.6358792399407922,0,0.4768339768339768
77,mediana_indicadora,onehot,sem,pca,subamostragem,mediana_indicadora|onehot|sem|pca|subamostragem,0.5,0.6602316602316602,0.6628352490421456,0.6947791164658634,0.6336996336996337,0.6981460716154594,0.684797993507112,1,0.527027027027027
77,mediana_indicadora,onehot,sem,pca,subamostragem,mediana_indicadora|onehot|sem|pca|subamostragem,0.5,0.6621621621621622,0.6506986027944112,0.6653061224489796,0.63671875,0.7223729723282442,0.6852495455515907,2,0.4942084942084942
77,mediana_indicadora,onehot,sem,pca,subamostragem,mediana_indicadora|onehot|sem|pca|subamostragem,0.5,0.6563706563706564,0.6337448559670782,0.6666666666666666,0.6039215686274509,0.7034667859539253,0.6653651970726568,3,0.4922779922779923
77,mediana_indicadora,onehot,sem,pca,subamostragem,mediana_indicadora|onehot|sem|pca|subamostragem,0.5,0.694980694980695,0.6775510204081633,0.6775510204081633,0.6775510204081633,0.7485235852582791,0.6958986432303662,4,0.47297297297297297
77,mediana_indicadora,onehot,sem,pca,subamostragem,mediana_indicadora|onehot|sem|pca|subamostragem,0.75,0.6853281853281853,0.5247813411078717,0.4225352112676056,0.6923076923076923,0.7483941316415543,0.4952625154059269,0,0.25096525096525096
77,mediana_indicadora,onehot,sem,pca,subamostragem,mediana_indicadora|onehot|sem|pca|subamostragem,0.75,0.6756756756756757,0.5087719298245614,0.41232227488151657,0.6641221374045801,0.7317198256307078,0.44106579767676185,1,0.2528957528957529
77,mediana_indicadora,onehot,sem,pca,subamostragem,mediana_indicadora|onehot|sem|pca|subamostragem,0.75,0.6853281853281853,0.527536231884058,0.4252336448598131,0.6946564885496184,0.7335739787364144,0.4713053544445915,2,0.2528957528957529
77,mediana_indicadora,onehot,sem,pca,subamostragem,mediana_indicadora|onehot|sem|pca|subamostragem,0.75,0.6544401544401545,0.5013927576601671,0.39473684210526316,0.6870229007633588,0.7068465589679862,0.44674984552764146,3,0.2528957528957529
77,mediana_indicadora,onehot,sem,pca,subamostragem,mediana_indicadora|onehot|sem|pca|subamostragem,0.75,0.6505791505791506,0.514745308310992,0.39669421487603307,0.732824427480916,0.7359508452176657,0.44206678143432954,4,0.2528957528957529
77,mediana_indicadora,onehot,sem,pca,subamostragem,mediana_indicadora|onehot|sem|pca|subamostragem,0.9,0.6718146718146718,0.2916666666666667,0.18518518518518517,0.6862745098039216,0.753138514506445,0.21802164442310115,0,0.09845559845559845
77,mediana_indicadora,onehot,sem,pca,subamostragem,mediana_indicadora|onehot|sem|pca|subamostragem,0.9,0.6467181467181468,0.29343629343629346,0.18627450980392157,0.6909090909090909,0.7167288435107009,0.19761885651401423,1,0.10617760617760617
77,mediana_indicadora,onehot,sem,pca,subamostragem,mediana_indicadora|onehot|sem|pca|subamostragem,0.9,0.6698841698841699,0.3346303501945525,0.21393034825870647,0.7678571428571429,0.7819070810142238,0.24717124201375051,2,0.10810810810810811
77,mediana_indicadora,onehot,sem,pca,subamostragem,mediana_indicadora|onehot|sem|pca|subamostragem,0.9,0.6138996138996139,0.2907801418439716,0.17982456140350878,0.7592592592592593,0.7466874201787995,0.24711727698814787,3,0.10424710424710425
77,mediana_indicadora,onehot,sem,pca,subamostragem,mediana_indicadora|onehot|sem|pca|subamostragem,0.9,0.6196911196911197,0.2939068100358423,0.18303571428571427,0.7454545454545455,0.7332024347143138,0.21300014415651297,4,0.10617760617760617
60,mediana_moda,alvo,minmax,pca,smote,mediana_moda|alvo|minmax|pca|smote,0.5,0.7239382239382239,0.7027027027027027,0.7222222222222222,0.6842105263157895,0.7818471099690755,0.7482084541807277,0,0.4768339768339768
60,mediana_moda,alvo,minmax,pca,smote,mediana_moda|alvo|minmax|pca|smote,0.5,0.7123552123552124,0.7214953271028037,0.7366412213740458,0.706959706959707,0.7810570381998954,0.7783999475575096,1,0.527027027027027
60,mediana_moda,alvo,minmax,pca,smote,mediana_moda|alvo|minmax|pca|smote,0.5,0.6872586872586872,0.676,0.6926229508196722,0.66015625,0.7445506321564884,0.7211376223274675,2,0.4942084942084942
60,mediana_moda,alvo,minmax,pca,smote,mediana_moda|alvo|minmax|pca|smote,0.5,0.7258687258687259,0.7090163934426229,0.7424892703862661,0.6784313725490196,0.7992022664579139,0.7744849745833181,3,0.4922779922779923
60,mediana_moda,alvo,minmax,pca,smote,mediana_moda|alvo|minmax|pca|smote,0.5,0.7239382239382239,0.7122736418511066,0.7023809523809523,0.7224489795918367,0.7905509456529866,0.7403241822737515,4,0.47297297297297297
60,mediana_moda,alvo,minmax,pca,smote,mediana_moda|alvo|minmax|pca|smote,0.75,0.777992277992278,0.6349206349206349,0.5405405405405406,0.7692307692307693,0.8396808088818397,0.5927296496969341,0,0.25096525096525096
60,mediana_moda,alvo,minmax,pca,smote,mediana_moda|alvo|minmax|pca|smote,0.75,0.7818532818532818,0.6389776357827476,0.5494505494505495,0.7633587786259542,0.8492810225457127,0.6643183347311327,1,0.2528957528957529
60,mediana_moda,alvo,minmax,pca,smote,mediana_moda|alvo|minmax|pca|smote,0.75,0.805019305019305,0.6576271186440678,0.5914634146341463,0.7404580152671756,0.8269917352111563,0.6199010900795674,2,0.2528957528957529
60,mediana_moda,alvo,minmax,pca,smote,mediana_moda|alvo|minmax|pca|smote,0.75,0.7837837837837838,0.6387096774193548,0.553072625698324,0.7557251908396947,0.8389253802000117,0.6163026639797726,3,0.2528957528957529
60,mediana_moda,alvo,minmax,pca,smote,mediana_moda|alvo|minmax|pca|smote,0.75,0.7934362934362934,0.6421404682274248,0.5714285714285714,0.732824427480916,0.8572400733771229,0.6278397621508759,4,0.2528957528957529
60,mediana_moda,alvo,minmax,pca,smote,mediana_moda|alvo|minmax|pca|smote,0.9,0.7934362934362934,0.43386243386243384,0.2971014492753623,0.803921568627451,0.850463954318344,0.3143434054109513,0,0.09845559845559845
60,mediana_moda,alvo,minmax,pca,smote,mediana_moda|alvo|minmax|pca|smote,0.9,0.8166023166023166,0.4808743169398907,0.34375,0.8,0.8357353229923423,0.38601945006033206,1,0.10617760617760617
60,mediana_moda,alvo,minmax,pca,smote,mediana_moda|alvo|minmax|pca|smote,0.9,0.8262548262548263,0.5054945054945055,0.36507936507936506,0.8214285714285714,0.8611239950525664,0.3974884502511081,2,0.10810810810810811
60,mediana_moda,alvo,minmax,pca,smote,mediana_moda|alvo|minmax|pca|smote,0.9,0.7972972972972973,0.4444444444444444,0.3111111111111111,0.7777777777777778,0.8306593231162197,0.3356957134234293,3,0.10424710424710425
60,mediana_moda,alvo,minmax,pca,smote,mediana_moda|alvo|minmax|pca|smote,0.9,0.8262548262548263,0.4642857142857143,0.34513274336283184,0.7090909090909091,0.8386805419202826,0.3655854220279577,4,0.10617760617760617
