id,ausentes,encoding,normalizacao,reducao,balanceamento,codigo,genero,n,prevalencia,accuracy,f1,precision,recall,roc_auc,average_precision,taxa_prevista_positiva
1,mediana_moda,onehot,sem,sem,sem,mediana_moda|onehot|sem|sem|sem,Ficção,1627,0.35586969883220654,0.7510755992624463,0.5896656534954408,0.7132352941176471,0.5025906735751295,0.8133610858416064,0.6514740844356403,0.2507682851874616
1,mediana_moda,onehot,sem,sem,sem,mediana_moda|onehot|sem|sem|sem,Documentário,908,0.05616740088105727,0.9185022026431718,0.05128205128205128,0.07407407407407407,0.0392156862745098,0.6990871027524197,0.10923992690063908,0.02973568281938326
50,mediana_moda,alvo,padrao,pca,subamostragem,mediana_moda|alvo|padrao|pca|subamostragem,Ficção,1627,0.35586969883220654,0.7406269207129687,0.6937590711175616,0.5982478097622027,0.8255613126079447,0.8318880275283788,0.696261122875925,0.4910878918254456
50,mediana_moda,alvo,padrao,pca,subamostragem,mediana_moda|alvo|padrao|pca|subamostragem,Documentário,908,0.05616740088105727,0.8931718061674009,0.11009174311926606,0.10344827586206896,0.11764705882352941,0.6933099961104628,0.102400479716898,0.06387665198237885
58,mediana_moda,alvo,minmax,pca,sem,mediana_moda|alvo|minmax|pca|sem,Ficção,1627,0.35586969883220654,0.7867240319606638,0.6876687668766877,0.7180451127819549,0.6597582037996546,0.8287114859787208,0.6837893812839837,0.3269821757836509
58,mediana_moda,alvo,minmax,pca,sem,mediana_moda|alvo|minmax|pca|sem,Documentário,908,0.05616740088105727,0.9416299559471366,0.03636363636363636,0.25,0.0196078431372549,0.6759786761845928,0.0985418603327134,0.004405286343612335
47,mediana_moda,alvo,padrao,sem,subamostragem,mediana_moda|alvo|padrao|sem|subamostragem,Ficção,1627,0.35586969883220654,0.746158574062692,0.694300518134715,0.6075129533678757,0.8100172711571675,0.8271870756371211,0.6926218146766795,0.47449293177627533
47,mediana_moda,alvo,padrao,sem,subamostragem,mediana_moda|alvo|padrao|sem|subamostragem,Documentário,908,0.05616740088105727,0.8920704845814978,0.14035087719298245,0.12698412698412698,0.1568627450980392,0.6614043517056764,0.09842791050761088,0.06938325991189427
55,mediana_moda,alvo,minmax,sem,sem,mediana_moda|alvo|minmax|sem|sem,Ficção,1627,0.35586969883220654,0.7854947756607252,0.6783410138248848,0.7272727272727273,0.6355785837651122,0.8278660562433257,0.68958146861684,0.3110018438844499
55,mediana_moda,alvo,minmax,sem,sem,mediana_moda|alvo|minmax|sem|sem,Documentário,908,0.05616740088105727,0.9416299559471366,0.03636363636363636,0.25,0.0196078431372549,0.6586359164435903,0.09391673922763359,0.004405286343612335
122,mediana_indicadora,alvo,padrao,pca,subamostragem,mediana_indicadora|alvo|padrao|pca|subamostragem,Ficção,1627,0.35586969883220654,0.7467732022126613,0.6966126656848306,0.6071887034659821,0.8169257340241797,0.8271516433967488,0.7021735400237757,0.47879532882606024
122,mediana_indicadora,alvo,padrao,pca,subamostragem,mediana_indicadora|alvo|padrao|pca|subamostragem,Documentário,908,0.05616740088105727,0.8953744493392071,0.12844036697247707,0.1206896551724138,0.13725490196078433,0.666849703708788,0.09985284639536841,0.06387665198237885
76,mediana_indicadora,onehot,sem,pca,sem,mediana_indicadora|onehot|sem|pca|sem,Ficção,1627,0.35586969883220654,0.7246465888137676,0.5182795698924731,0.6866096866096866,0.4162348877374784,0.7428212632994502,0.5932135521448534,0.21573448063921327
76,mediana_indicadora,onehot,sem,pca,sem,mediana_indicadora|onehot|sem|pca|sem,Documentário,908,0.05616740088105727,0.8953744493392071,0.020618556701030927,0.021739130434782608,0.0196078431372549,0.6073855446495985,0.07256694342508924,0.05066079295154185
41,mediana_moda,alvo,sem,pca,subamostragem,mediana_moda|alvo|sem|pca|subamostragem,Ficção,1627,0.35586969883220654,0.6422864167178857,0.5848787446504993,0.49817739975698666,0.7081174438687392,0.7118798533929254,0.5482021037219117,0.505838967424708
41,mediana_moda,alvo,sem,pca,subamostragem,mediana_moda|alvo|sem|pca|subamostragem,Documentário,908,0.05616740088105727,0.7169603524229075,0.16828478964401294,0.10077519379844961,0.5098039215686274,0.6393598279451804,0.08209098196826925,0.2841409691629956
113,mediana_indicadora,alvo,sem,pca,subamostragem,mediana_indicadora|alvo|sem|pca|subamostragem,Ficção,1627,0.35586969883220654,0.6422864167178857,0.5842857142857143,0.4981729598051157,0.7063903281519862,0.7117941568115598,0.5479785503859191,0.5046097111247695
113,mediana_indicadora,alvo,sem,pca,subamostragem,mediana_indicadora|alvo|sem|pca|subamostragem,Documentário,908,0.05616740088105727,0.7158590308370044,0.1568627450980392,0.09411764705882353,0.47058823529411764,0.6378497723476788,0.08096078177311028,0.28083700440528636
5,mediana_moda,onehot,sem,pca,subamostragem,mediana_moda|onehot|sem|pca|subamostragem,Ficção,1627,0.35586969883220654,0.6429010448678549,0.5858873841767641,0.4987864077669903,0.7098445595854922,0.71103359965194,0.5472033361189342,0.5064535955746773
5,mediana_moda,onehot,sem,pca,subamostragem,mediana_moda|onehot|sem|pca|subamostragem,Documentário,908,0.05616740088105727,0.7169603524229075,0.16286644951140064,0.09765625,0.49019607843137253,0.6401262955590636,0.0803359580865248,0.28193832599118945
77,mediana_indicadora,onehot,sem,pca,subamostragem,mediana_indicadora|onehot|sem|pca|subamostragem,Ficção,1627,0.35586969883220654,0.6435156730178242,0.5863052781740371,0.4993924665856622,0.7098445595854922,0.7108720945562895,0.5479169132409267,0.505838967424708
77,mediana_indicadora,onehot,sem,pca,subamostragem,mediana_indicadora|onehot|sem|pca|subamostragem,Documentário,908,0.05616740088105727,0.7136563876651982,0.16129032258064516,0.09652509652509653,0.49019607843137253,0.6408927631729472,0.0802211864723777,0.2852422907488987
60,mediana_moda,alvo,minmax,pca,smote,mediana_moda|alvo|minmax|pca|smote,Ficção,1627,0.35586969883220654,0.7314074984634297,0.6840202458423716,0.5883084577114428,0.8169257340241797,0.8172965365397038,0.6658082656097253,0.4941610325752919
60,mediana_moda,alvo,minmax,pca,smote,mediana_moda|alvo|minmax|pca|smote,Documentário,908,0.05616740088105727,0.8997797356828194,0.09900990099009901,0.1,0.09803921568627451,0.6768938613951998,0.09227564482578149,0.05506607929515418
