id,ausentes,encoding,normalizacao,reducao,balanceamento,codigo,accuracy,f1,precision,recall,roc_auc,average_precision,n_treino,n_teste,prevalencia_teste,roc_auc_5fold,otimismo_5fold
1,mediana_moda,onehot,sem,sem,sem,mediana_moda|onehot|sem|sem|sem,0.7275280898876404,0.26329113924050634,0.4297520661157025,0.1897810218978102,0.5878003824302709,0.33955818565955403,1522,1068,0.2565543071161049,0.8271660434588624,0.23936566102859147
50,mediana_moda,alvo,padrao,pca,subamostragem,mediana_moda|alvo|padrao|pca|subamostragem,0.7846441947565543,0.603448275862069,0.5718954248366013,0.6386861313868614,0.792924580337936,0.5546349037664022,1522,1068,0.2565543071161049,0.8528465688696087,0.05992198853167274
58,mediana_moda,alvo,minmax,pca,sem,mediana_moda|alvo|minmax|pca|sem,0.8071161048689138,0.5209302325581395,0.717948717948718,0.40875912408759124,0.7375572266450937,0.5440178916270855,1522,1068,0.2565543071161049,0.8501451388187915,0.11258791217369779
47,mediana_moda,alvo,padrao,sem,subamostragem,mediana_moda|alvo|padrao|sem|subamostragem,0.7855805243445693,0.6098807495741057,0.5718849840255591,0.6532846715328468,0.7903068635201972,0.5517012674154298,1522,1068,0.2565543071161049,0.848021323276914,0.05771445975671685
55,mediana_moda,alvo,minmax,sem,sem,mediana_moda|alvo|minmax|sem|sem,0.8136704119850188,0.5339578454332553,0.7450980392156863,0.41605839416058393,0.7493403997131772,0.5430416437178962,1522,1068,0.2565543071161049,0.8475281347641163,0.09818773505093903
122,mediana_indicadora,alvo,padrao,pca,subamostragem,mediana_indicadora|alvo|padrao|pca|subamostragem,0.7818352059925093,0.6110183639398998,0.563076923076923,0.6678832116788321,0.7985507179760614,0.5603751397864986,1522,1068,0.2565543071161049,0.8470623381591151,0.04851162018305377
76,mediana_indicadora,onehot,sem,pca,sem,mediana_indicadora|onehot|sem|pca|sem,0.6591760299625468,0.2571428571428571,0.2916666666666667,0.22992700729927007,0.5307874754086304,0.27509297457614856,1522,1068,0.2565543071161049,0.7500449448799517,0.2192574694713213
41,mediana_moda,alvo,sem,pca,subamostragem,mediana_moda|alvo|sem|pca|subamostragem,0.448501872659176,0.4044489383215369,0.27972027972027974,0.7299270072992701,0.5561901303572414,0.3061713305998537,1522,1068,0.2565543071161049,0.7328090005419614,0.17661887018472
113,mediana_indicadora,alvo,sem,pca,subamostragem,mediana_indicadora|alvo|sem|pca|subamostragem,0.44662921348314605,0.4036326942482341,0.2789400278940028,0.7299270072992701,0.5564015701704388,0.30627774160340504,1522,1068,0.2565543071161049,0.7324915581629516,0.17608998799251285
5,mediana_moda,onehot,sem,pca,subamostragem,mediana_moda|onehot|sem|pca|subamostragem,0.448501872659176,0.4044489383215369,0.27972027972027974,0.7299270072992701,0.5558913567081578,0.3059331778159424,1522,1068,0.2565543071161049,0.7316735146631688,0.17578215795501095
77,mediana_indicadora,onehot,sem,pca,subamostragem,mediana_indicadora|onehot|sem|pca|subamostragem,0.44662921348314605,0.4036326942482341,0.2789400278940028,0.7299270072992701,0.5549651583959992,0.3056708389721484,1522,1068,0.2565543071161049,0.7312970680388657,0.1763319096428665
60,mediana_moda,alvo,minmax,pca,smote,mediana_moda|alvo|minmax|pca|smote,0.8127340823970037,0.5867768595041323,0.6761904761904762,0.5182481751824818,0.7387109525823238,0.5408761371739254,1522,1068,0.2565543071161049,0.8424238040431687,0.10371285146084497
